,,Q1 ,Q2,,,,,,,Q3,,,,Q4,,,,,,,,,,,,,,,,Q5,Q6,Q7,,,,,,,,,,,,,,,,Q8,Q9,Q10,Q11
Etab,Etud,Q1 ,Q2-1,Q2-2,Q2-3,Q2-4,Q2-5,Q2-6,Q2-7,Q3-1tpc,Q3-2sp,Q3-3tab,Q3-4ord,Q4-1,Q4-2,Q4-3,Q4-4,Q4-5,Q4-6,Q4-7,Q4-8,Q4-9,Q4-10,Q4-11,Q4-12,Q4-13,Q4-14,Q4-15,Q4-16,Q5,Q6,Q7-1,Q7-2,Q7-3,Q7-4,Q7-5,Q7-6,Q7-7,Q7-8,Q7-9,Q7-10,Q7-11,Q7-12,Q7-13,Q7-14,Q7-15,Q7-16,Q8,Q9,Q10,Q11
SV1,ESI1,papier,,1,1,,1,,sms,non,ot,non,non,,1,1,1,1,,,1,,,,,,,,,js,sv,,,,,,,,,,,,,,,1,,NA,NA,F,21
SV1,ESI2,ordi,1,1,1,,,,,non,ot,non,ot,1,1,,1,,,,1,,,,,,,,,sv,sv,1,1,,,,,,,,,,,,,,,sv,sv,F,19
SV1,ESI3,papier,1,1,,,,,,NR,ot,NR,NR,1,1,,,1,,,,,,,,,,,,qqf,js,1,1,,,,,1,,,,,,,,,,1X,qqf,F,40
SV1,ESI4,ordi,1,,,,,,,non,ot,ot,non,,,,1,,,,,,,,,,,,,js,qqf,,,,1,,,,,1,1,,,notercours,,,,qqf,qqf,F,19
SV1,ESI5,X,1,,,,,,,non,ot,osp,ot,,,1,1,,,1,,,,1,,,,,,sv,sv,,,,,,,,,,,,,notercours,,,,1X,sv,F,21
SV1,ESI6,pas,,,,,,1,,non,ot,non,non,,,,,1,,,,,,,1,,,,,js,1X,,,,,,,,,,,,,,,1,,NA,NA,F,26
SV1,ESI7,papier,,,,,,1,,non,ot,non,non,,,,1,,,,,,,1,1,,,,,js,qqf,,,,,,,,,,,,,,,1,,NA,NA,F,20
SV1,ESI8,ordi,,,,,,1,,NR,osp,NR,ot,,,,,,,,,,,,,,1,,,js,js,,,,,,,,,,,1,,,,,,sv,js,H,21
SV1,ESI9,papier,1,1,1,,1,,sms,NR,ot,NR,NR,1,1,,1,1,1,,1,,,,1,,,,,qqf,qqf,NR,NR,NR,NR,NR,NR,NR,NR,NR,NR,NR,NR,NR,NR,NR,NR,NR,NR,F,19
SV1,ESI10,papier,1,,,,,,,osp,NR,NR,NR,,,,,,,,,,,,,,1,,,NR,NR,NR,NR,NR,NR,NR,NR,NR,NR,NR,NR,NR,NR,NR,NR,NR,NR,NR,NR,F,20
SV1,ESI11,ordi,,1,,,,,,non,ot,ot,non,,,,1,,,,,,,,,,,,,js,sv,1,1,,,,,,,,,1,,,,,,tt,1X,F,19
SV1,ESI12,papier,1,,,,,,,non,osp,non,non,,,,1,,,,,,,,,reg-heure,,,,js,qqf,,,,,,,,,,,,,,,1,,NA,NA,F,19
SV1,ESI13,pas,1,,,,,,,non,ot,non,ot,,,,1,1,,,1,1,,,1,,,,,nvp,sv,,,,,,,,,1,,,,shop,,,,qqf,tt,F,19
SV1,ESI14,papier,1,,,1,,,,non,osp,non,non,,,,,,,,,,,,,reg-heure,,,,js,qqf,,,,,,,,,,,,,,,1,,NA,NA,F,19
SV1,ESI15,papier,1,,,,,1,,non,osp,non,osp,,,,,,,,,,,,,,,1,,NA,NA,,,,,,,,,,,,,,,1,,NA,NA,F,21
SV1,ESI16,papier,1,,,,,,,non,osp,non,non,,,,1,1,,,,,,,,,,,,js,1X,,,,,,,,,,,,,,,1,,NA,NA,F,20
SV1,ESI17,papier,1,,,,,,,NR,osp,NR,NR,,,,,1,,,,,,,1,,,,,1X,1X,,,,,,,,,,,,,,,1,,NA,NA,F,19
SV1,ESI18,papier,1,,,,,,,NR,osp,NR,NR,,,,,,,,,,,,,,,,1,js,js,,,,,,,,,,,,,,,1,,NA,NA,F,19
SV1,ESI19,papier,1,,,,,,,NR,osp,non,non,,,,,,,,,,1,,,,,,,js,js,,,,,,,,,,,,,,,1,,NA,NA,F,19
SV1,ESI20,pas,,,,,,1,,non,osp,non,non,,,,1,1,,,,,,,,,,,,js,qqf,,,,,,,,,,,,,,,1,,NA,NA,F,24
SV1,ESI21,papier,1,,,,,,,non,osp,non,non,,,,1,,,,,,,,,,,,,js,1X,,,,,,,,,,,,,,,1,,NA,NA,F,19
SV1,ESI22,papier,,,,,,1,,non,osp,non,non,,,,,,,,,,,,,,,1,,NA,NA,NR,NR,NR,NR,NR,NR,NR,NR,NR,NR,NR,NR,NR,NR,NR,NR,NR,NR,F,20
SV1,ESI23,papier,1,1,,,,,,non,osp,non,non,,,,,,,,,,,,,reg-heure,,,,js,js,,,,,,,,,,,,,,,1,,NA,NA,F,20
SV1,ESI24,ordi,1,,,,,,,non,osp,non,ot,,,,,1,,,,,,,,reg-heure,,,,sv,sv,,,,,,,,,,,,,notercours,,,,tt,js,F,20
SV1,ESI25,papier,1,,,,,,,osp,non,non,non,,,,,,,,,,,,,reg-heure,,,,js,qqf,,,,,,,,,,,,,,,1,,NA,NA,F,21
SV1,ESI26,papier,,,,,,1,,non,ot,non,non,,,,1,1,,,,,,,,fl√¢ner,,,,js,sv,,,,1,,,1,,,,,,,,,,js,sv,F,19
SV1,ESI27,papier,1,,,,,,,non,ot,non,non,,,,1,1,,,1,,1,,1,,,,,js,sv,,,,,,,,,,,,,,,1,,NA,NA,F,20
SV1,ESI28,ordi,1,,,,,,,non,ot,non,ot,,,,1,,,,,,,,,,,,,js,qqf,,,,,,,,,,,1,,,,,,js,js,F,19
SV1,ESI29,papier,1,,,,,,,non,ot,non,non,,,,1,,,,,,1,,,,,,,js,qqf,,,,,,,,,,,,,,,1,,NA,NA,F,19
SV1,ESI30,papier,1,,,,,,,osp,non,non,non,,,,1,,,,,,1,,1,,,,,js,js,,,,,,,,,,,,,,,,1,js,js,F,19
SV1,ESI31,papier,1,,,,,,,non,non,non,non,,,,,,,,,,,,,,,1,,NA,NA,,,,,,,,,,,,,,,1,,NA,NA,F,40
SV1,ESI32,papier,,,,,,1,,NR,ot,NR,NR,,,,,,,,,,,,,,1,,,js,js,,,,,,,,,,,,,,,1,,NA,NA,F,20
SV1,ESI33,papier,,1,,,,,,non,osp,non,non,,,,1,1,,,,,,,1,,,,,qqf,qqf,,,,,,,,,,,,,,,1,,NA,NA,F,23
SV1,ESI34,papier,1,1,,,,,,ot,ot,non,non,,,,1,1,,,,,1,1,1,,,,,qqf,qqf,,,,,,,1,,1,,,,,,,,js,js,F,27
SV1,ESI35,pas,,,,,,1,,ot,non,non,non,,,,1,1,,1,,,1,,1,,,,,js,tt,,,,,,,,,,,,,,,1,,NA,NA,F,21
SV1,ESI36,X,1,,,,,,,non,ot,non,ot,,1,,1,1,,,,1,1,1,1,,,,,qqf,sv,,,,,,,,,,1,1,,,,,,js,1X,F,19
SV1,ESI37,papier,1,,,,,,,NR,osp,NR,NR,,,,1,,,,,,1,,,,,,,js,sv,,,,,,,,,,,,,,,1,,NA,NA,H,22
SV1,ESI38,ordi,,,,,,1,,non,osp,non,ot,,,,,,,,,,,,,,1,,,js,1X,,,1,1,,,,,,,1,,,,,,tt,qqf,F,20
SV1,ESI39,papier,1,,,,,,,ot,ot,NR,NR,,,,1,,,1,1,1,,,1,,,,,js,sv,,,,,,,,,,,,,,,1,,NA,NA,F,20
SV1,ESI40,papier,,,,,,1,,non,non,non,non,,,,,,,,,,,,,,1,1,,NA,NA,,,,,,,,,,,,,,,1,,NA,NA,F,26
SV1,ESI41,papier,,,,,,1,,NR,ot,NR,osp,1,,,,,,,,,,,,,,,,1X,js,,,,,,,,,,,,,,1,,,NR,NR,NR,29
SV1,ESI42,papier,,,,,,1,,non,ot,non,non,,1,,1,,,,,,,,,,,,,qqf,qqf,,,,,,,,,,,,,,,1,,NA,NA,F,18
SV1,ESI43,ordi,1,,,,,,,non,ot,non,ot,,,,1,1,,,1,,,,,,,,,js,sv,,,1,,,,,,,,,,,,,,js,qqf,F,19
SV1,ESI44,papier,1,,,,,,,NR,ot,NR,ot,,,,,,,,,,,,,,,,1,nvp,nvp,,,,,,,,,,,,,,,,1,nvp,nvp,H,NA
SV1,ESI45,papier,1,,,,1,,,non,ot,non,non,,,,1,1,,,,,,,,,,,,qqf,qqf,,,,,,,,,,,,,,,1,,NA,NA,H,28
SV1,ESI46,papier,,,,,,1,,NR,ot,NR,NR,,,,1,,,,,,1,,1,,,,,js,sv,,,,,,,,,,,,,,,1,,NA,NA,F,21
SV1,ESI47,papier,1,,,1,,,,osp,non,non,non,,,,,,,,,,,,,,1,,,js,js,,,,,,,,,,,,,,,1,,NA,NA,F,28
SV1,ESI48,papier,1,1,,,,,,osp,NR,NR,NR,1,,,,,,,,,,,,,,,,1X,js,,,,,,,,,,,,,,,1,,NA,NA,F,38
SV1,ESI49,papier,1,,,,,,,NR,NR,NR,NR,,,,,,,,,,,,,,1,,,NR,js,,,,,,,,,,,,,,,1,,NA,NA,F,40
SV1,ESI50,papier,1,,,,,,,non,NR,ot,non,,,,,,,,,,,,,,1,,,js,js,,,,1,,,,,,,,,,,,,qqf,qqf,H,31
SV1,ESI51,papier,1,,,,,,,non,non,non,non,,,,,,,,,,,,,,1,1,,NA,NA,,,,,,,,,,,,,,,1,,NA,NA,F,47
SV1,ESI52,papier,,,,,,1,,non,ot,non,non,,1,,1,,,,,,,,,,,,,js,sv,,,,,,,,,,,,,,,1,,NA,NA,F,20
SV1,ESI53,papier,,,,,,1,,NR,ot,NR,NR,1,1,,1,,,,,,,,,,,,,js,sv,,,,,,,,,,,,,,,1,,NA,NA,H,21
SV1,ESI54,papier,1,,,,,,,NR,osp,NR,NR,,,,,,,,,,,,,consSMS,,,,js,1X,,,,,,,,,,,,,,,1,,NA,NA,H,23
SV1,ESI55,papier,,,,,1,,qt_int,non,osp,non,non,,,,,,,,,,,,,,1,,,js,js,,,,,,,,,,,,,,,1,,NA,NA,H,44
SV1,ESI56,papier,1,,,,,,,non,ot,non,non,,,,1,,,,1,,1,,,,,,,js,sv,,,,,,,,,,,,,,,1,,NA,NA,F,19
SV1,ESI57,papier,1,,,,,,,non,ot,non,non,,,,1,1,,,1,,1,,1,,,,,js,sv,,,,,,,,,,,,,,,1,,NA,NA,F,20
SV1,ESI58,papier,1,,,,,,,NR,ot,NR,NR,,,,1,1,,,,,,,,,,,,qqf,qqf,,,,,,,,,,,,,,,,1,NR,NR,F,26
SV1,ESI59,papier,,,,,,1,,non,ot,non,non,,,,1,,,,,1,,,,,,,,js,qqf,,,,,,,,,,,,,,,1,,NA,NA,F,22
SV1,ESI60,papier,1,1,,,,,,NR,ot,NR,NR,1,1,,1,,,,,,,,1,,,,,qqf,sv,,,,,,,,,,,,,,,1,,NA,NA,F,21
SV1,ESI61,papier,1,,,,,,,non,ot,non,non,,,,1,1,,,,,,,1,,,,,js,qqf,,,,,,,,,,,,,,,1,,NA,NA,F,29
SV1,ESI62,papier,1,,,,,,,NR,osp,NR,NR,1,,,1,,,,,,,,,,,,,qqf,1X,,,,,,,,,,,,,,,1,,NA,NA,H,26
SV1,ESI63,papier,1,,,,,,,non,ot,non,non,,1,,1,1,,,1,,1,,,,,,,js,sv,,,,,,,,,,,,,,,1,,NA,NA,F,19
SV1,ESI64,papier,,,,,1,,qt_int,non,ot,NR,NR,,,,1,,,,,,,,,reg-heure,,,,qqf,qqf,,,,,,,,,,,,,,1,,,nvp,nvp,F,25
SV1,ESI65,ordi,,,,,,1,,non,ot,ot,non,1,,,1,1,,,,,,1,1,,,,,qqf,qqf,,,,1,,,,,,,1,,,,,,qqf,qqf,F,18
SV1,ESI66,ordi,1,,,,,,,non,osp,ot,non,1,,,1,1,,,,,1,,,,,,,qqf,qqf,1,,,,,,,,,,,,,,,,tt,qqf,F,20
SV1,ESI67,ordi,1,,,,,,,non,ot,non,ot,,,,1,1,,,,,1,,,,,,,sv,sv,,,,,,,,,,,1,,,,,,tt,js,F,20
SV1,ESI68,papier,1,,,,,,,non,osp,non,non,1,,,1,,,,,,,,,,,,,1X,1X,,,,,,,,,,,,,,1,,,js,js,F,20
SV1,ESI69,papier,1,,,,,,,non,osp,non,non,,,,1,1,,,,,,,1,,,,,qqf,qqf,,,,,,,,,,,,,,,1,,NA,NA,F,19
SV1,ESI70,ordi,1,,,,,,,non,osp,ot,non,,,,1,1,,,,,,,1,,,,,js,1X,,,,1,,,,,,,1,1,,,,,tt,qqf,F,18
SV1,ESI71,papier,1,,,,,,,non,osp,non,non,,,,1,,,,,,,,1,,,,,js,1X,,,,,,,,,,,,,,,1,,NA,NA,H,20
SV1,ESI72,pas,1,,,,,,,non,osp,non,non,,,,1,1,,,,,,,1,,,,,js,qqf,,,,,,,,,,,,,,,1,,NA,NA,H,22
SV1,ESI73,ordi,,1,,,,,,non,ot,non,ot,1,,,1,,,,,,,,,,,,,qqf,qqf,1,,,,,,,,,,,,,,,,qqf,js,F,23
SV1,ESI74,papier,1,1,,,,,,non,ot,non,non,1,1,,1,1,,,,,,,1,,,,,qqf,qqf,,,,,,,,,,,,,,,1,,NA,NA,F,23
SV1,ESI75,pas,,,,1,,,,non,ot,osp,ot,,1,1,1,,1,,1,1,,1,,,,,,nvp,nvp,,,,,,,,,,,,,,,,1,nvp,nvp,H,19
SV1,ESI76,papier,1,,,,,,,osp,non,non,non,,,,1,,,,,,,,,,,,,js,sv,,,,,,,,,,,,,,,1,,NA,NA,F,22
SV1,ESI77,papier,1,,,1,,,,non,non,non,non,,,,,,,,,,,,,,,1,,NA,NA,,,,,,,,,,,,,,,1,,NA,NA,H,36
SV1,ESI78,papier,1,,,,,,,osp,non,non,non,,,,,,,,,,,,,,1,,,js,js,,,,,,,,,,,,,,,1,,NA,NA,F,20
SV1,ESI79,papier,,,,,,1,,non,osp,non,non,,,,,,,,,,,,,reg-heure,,,,js,1X,,,,,,,,,,,,,,,1,,NA,NA,F,19
HUS1,ESI1,ordi,,,,,,1,,non,ot,non,ot,,1,,1,,,,,,,,1,,,,,js,qqf,,,,,,,,,,,1,,,,,,tt,js,H,23
HUS1,ESI2,papier,1,,,1,,,,osp,non,non,non,,,,1,,,,,,,,1,,,,,js,1X,,,,,,,,,,,,,,,1,,NA,NA,F,18
HUS1,ESI3,ordi,1,,,1,,,,non,ot,non,ot,,1,,1,,,,,,,,,,,,,qqf,qqf,,,,,,,,,,,1,,,,,,tt,js,F,19
HUS1,ESI4,ordi,,,,1,,,,osp,non,non,ot,1,,,1,,,,,,,,1,,,,,1X,qqf,,,,,,,,,,,,,notercours,,,,tt,js,F,19
HUS1,ESI5,papier,1,,,,,,,non,osp,non,non,,,,,,,,,,,,,,1,,,js,js,,,,,,,,,,,,,,,1,,NA,NA,H,41
HUS1,ESI6,papier,,1,,1,,,,non,non,non,non,,,,,,,,,,,,,,1,1,,NA,NA,,,,,,,,,,,,,,1,1,,NA,NA,F,40
HUS1,ESI7,papier,1,,,,,,,non,osp,non,osp,,,,,,,,,,,,,,1,,,js,js,,,,,,,,,,,,,,,1,,NA,NA,F,35
HUS1,ESI8,ordi,1,,,,,,,osp,osp,non,ot,,,,,,,,,,,,,,1,,,js,js,,,,,,,,,,,1,,,,,,tt,1X,F,21
HUS1,ESI9,papier,1,,,1,1,,qt_int,non,osp,non,non,,,,,,,,,,,,,reg-heure,,,,js,1X,,,,,,,,,,,,,,,1,,NA,NA,F,25
HUS1,ESI10,papier,1,,,1,,,,non,osp,non,non,,,,,,,,,,,,,,1,,,js,js,,,,,,,,,,,,,,,1,,NA,NA,H,29
HUS1,ESI11,ordi,1,1,,,,,,non,ot,non,ot,1,,,1,,,,,,,,,,,,,qqf,qqf,,,,,,,,,,,,,notercours,,,,js,js,F,21
HUS1,ESI12,papier,,,,,1,,qt_int,osp,osp,non,non,,,,,,,,,,,,,,1,,,NR,NR,,,,,,,,,,,,,,1,1,,NA,NA,F,23
HUS1,ESI13,ordi,1,,,,,,,NR,ot,NR,ot,,,,1,,,,,,,,,,,,,js,tt,,,,,,,,,,,1,,,,,,tt,js,F,20
HUS1,ESI14,X,,,,1,,,,non,osp,non,ot,,,,,1,,,,,,,1,,,,,qqf,1X,,,,,,,,,,,1,,,,,,tt,js,F,20
HUS1,ESI15,papier,1,,,1,,,,NR,osp,NR,NR,,,,,,,,,,,,,,1,,,js,js,,,,,,,,,,,,,,,1,,NA,NA,F,45
HUS1,ESI16,papier,1,,,,,,,osp,non,non,non,,,,,,,,,,,,,,1,,,NR,NR,,,,,,,,,,,,,,,1,,NA,NA,F,37
HUS1,ESI17,papier,,1,,,1,,qt_int,osp,non,non,non,,,,,,,,,,,,,,,1,,js,js,,,,,,,,,,,,,,,1,,NA,NA,F,24
HUS1,ESI18,papier,,1,,1,,,,NR,osp,NR,NR,1,,,1,1,,,,,1,,,,,,,qqf,qqf,,,,,,,,,,,,,,,1,,NA,NA,H,20
HUS1,ESI19,papier,,,,,,1,,non,non,non,non,,,,,,,,,,,,,,1,1,,NA,NA,,,,,,,,,,,,,,,1,,NA,NA,F,31
HUS1,ESI20,papier,1,,,1,,,,NR,osp,NR,NR,,,,1,1,,,,,,,,,,,,qqf,qqf,,,,,,,1,,,,1,,,,1,,NA,NA,F,18
HUS1,ESI21,ordi,1,1,,,,,,non,ot,non,ot,1,,,,,,,,,,,,,,,,1X,qqf,,,,,,,,,,,1,,,,,,1X,qqf,F,25
HUS1,ESI22,ordi,1,,,,,,,ot,NR,NR,ot,,,,1,1,,,,,,,,,,,,js,qqf,,,,,,,,,,,1,,,,,,tt,js,F,20
HUS1,ESI23,ordi,1,,,,,,,NR,ot,NR,ot,,,,1,,,,,,1,,,claroline,,,,sv,sv,,,,,,,,,,1,1,,,,,,tt,1X,F,20
HUS1,ESI24,ordi,1,,,,,,,non,ot,non,ot,,,,1,,,,,,,,1,,,,,qqf,qqf,,,,,,,,,,,1,,,,,,tt,js,F,20
HUS1,ESI25,X,1,,,,,,,NR,ot,NR,ot,,,,1,1,,,,1,,,,,,,,NR,qqf,,,,,,,,,,,1,,,,,,tt,js,F,22
HUS1,ESI26,ordi,,,,,,1,,NR,NR,ot,NR,,,,,,,,,,,,,,1,,,js,1X,,,,,,,,,,,1,,,,,,js,1X,F,26
HUS1,ESI27,papier,1,,,,,,,NR,osp,non,osp,,,,,,,,,,,,,,1,,,js,js,,,,,,,,,,,,,,1,,,js,js,F,22
HUS1,ESI28,papier,1,,,,,,,NR,osp,non,non,,,,,,,,,,,,,,1,,,js,js,,,,,,,,,,,,,,j,j,,NA,NA,F,20
HUS1,ESI29,papier,1,,,,,,,NR,ot,non,non,,,,1,,,,,,,,1,,,,,js,qqf,,,,,,,,,,,,,,,1,,NA,NA,F,19
HUS1,ESI30,papier,1,,,,,,,non,ot,non,non,,,,1,1,,,,,1,,,,,,,js,qqf,,,,,,,,,,,,,,,1,,NA,NA,F,21
HUS1,ESI31,papier,1,,,,,,,non,ot,non,non,,,,1,1,,,,,,,,,,,,qqf,qqf,,,,,,,,,,,,,,,1,,NA,NA,F,20
HUS1,ESI32,papier,,,,1,,,,non,osp,non,non,,,,,,,,,,,,,,1,,,NR,NR,,,,,,,,,,,,,,1,1,,NA,NA,F,21
HUS1,ESI33,papier,,,,1,,,,osp,osp,non,non,,,,,,,,,,,,1,,,,,js,1X,,,,,,,,,,,,,,,1,,NA,NA,F,19
HUS1,ESI34,ordi,1,,,1,,,,non,osp,non,ot,,,,,,,,,,,,,,1,,,js,js,,,,,,,,,,,j,,,,,,tt,js,H,20
HUS1,ESI35,ordi,,,,,,1,,NR,osp,osp,ot,,,,1,1,,,,,1,,,,,,,js,qqf,,,,,,,,,,,,,,,,1,tt,js,F,19
HUS1,ESI36,ordi,1,,,,,,,osp,osp,non,ot,,,,1,,,,1,,,,,,,,,qqf,1X,,,,,,,,,,,,,,1,,,1X,1X,F,22
HUS1,ESI37,papier,1,,,,,,,non,non,non,non,,,,,,,,,,1,,,,,,,NA,NA,,,,,,,,,,,,,,,1,,NA,NA,H,19
HUS1,ESI38,ordi,1,,,1,,,,ot,ot,NR,ot,,,,,,,,,,,,,,1,1,,NA,NA,,,,,,,,,,,1,,,,,,tt,js,F,19
HUS1,ESI39,ordi,1,,,1,,,,NR,ot,NR,ot,1,,,1,1,,,1,,,,1,,,,,1X,qqf,,,,,,,,,,,1,,,,,,tt,js,F,18
HUS1,ESI40,papier,1,,,1,,,,non,osp,non,non,,,,,,,,,,,,1,,,,,js,js,,,,,,,,,,,,,,,1,,NA,NA,F,18
HUS1,ESI41,papier,1,,,,,,,non,osp,non,non,,,,1,,,,,,,,,,,,,js,1X,,,,,,,,,,,,,,1,1,,NA,NA,F,18
HUS1,ESI42,papier,1,,,1,,,,non,osp,non,osp,,,,,,,,,,,,,,1,,,NR,NR,,,,,,,,,,,,,,1,1,,NA,NA,F,19
HUS1,ESI43,ordi,1,,,,,,,osp,NR,NR,ot,1,1,,,,,,,,,,,,,,,js,js,,,,,,,,,,,,,,1,,,js,js,F,33
HUS1,ESI44,papier,,,,1,,,,non,osp,non,non,,,,,,,,,,,,,,1,,,js,1X,,,,,,,,,,,,,,,1,,NA,NA,F,19
HUS1,ESI45,papier,1,,,1,,,,ot,non,non,non,,,,1,,,,,,,,,reg-heure,,,,jnsp,qqf,,,,,,,,,,,,,,,1,,NA,NA,F,20
HUS1,ESI46,papier,1,,,,,,,osp,osp,non,non,,,,,,,,,,,,,,1,,,js,js,,,,,,,,,,,,,,,1,,NA,NA,F,20
HUS1,ESI47,papier,1,,,,,,,non,ot,non,non,,1,,1,1,,,,,1,,,,,,,js,sv,,,,,,,,,,,,,,1,,,js,js,F,19
HUS1,ESI48,papier,,,,,,1,,non,non,non,non,,,,,,,,,,,,,,1,1,,NA,NA,,,,,,,,,,,,,,1,1,,NA,NA,F,18
HUS1,ESI49,papier,1,,,,,,,osp,NR,NR,NR,,,1,1,1,,,1,,,,,,,,,js,qqf,,,,,,,,,,,,,,1,1,,NA,NA,F,21
HUS1,ESI50,papier,,,1,,,,,ot,ot,non,non,,,,1,1,,,1,,,,1,,,,,qqf,qqf,,,,,,,,,,,,,,,1,,NA,NA,F,22
HUS1,ESI51,papier,1,,,,,,,non,osp,non,non,,,,,,,,,,,,,,1,,,js,js,,,,,,,,,,,,,,,1,,NA,NA,F,20
HUS1,ESI52,papier,1,,,,,,,NR,osp,NR,NR,,,,1,1,,,,,,,,,,,,NR,NR,,,,,,,,,,,,,,,1,,NA,NA,F,45
HUS1,ESI53,papier,,,,,,1,,non,osp,non,non,,,,,,,,,,,,,,1,,,NR,NR,,,,,,,,,,,,,,,1,,NA,NA,F,41
HUS1,ESI54,papier,1,,,1,,,,non,osp,non,non,,,,,,,,,,,,,,1,,,NR,NR,,,,,,,,,,,,,,,1,,NA,NA,F,29
HUS1,ESI55,papier,,,,,,1,,non,ot,non,non,,,,,,,,,,,,1,,,,,js,qqf,,,,,,,,,,,,,,,1,,NA,NA,F,18
HUS1,ESI56,ordi,1,,,,,,,NR,ot,non,ot,,,,1,1,,,,,,,1,,,,,js,qqf,,,,,,,,,,,1,,,,,,tt,js,F,21
HUS1,ESI57,papier,,,,1,,,,non,non,non,non,,,,,,,,,,,,,,1,,,js,1X,,,,,,,,,,,,,,1,1,,NA,NA,F,23
HUS1,ESI58,papier,1,,,,1,,qt_int,non,non,non,non,,,,,,,,,,,,,,1,,,js,js,,,,,,,,,,,,,,,1,,NA,NA,F,29
HUS1,ESI59,pas,,,,1,,,,non,ot,non,ot,1,,,1,1,,,,,,,,,,,,qqf,sv,,,,,,,,,,1,,,,,,,qqf,qqf,H,22
HUS1,ESI60,papier,1,,,,,,,non,ot,non,non,,,,1,1,,,,,,,1,,,,,js,qqf,,,,,,,,,,,,,,,1,,NA,NA,F,20
HUS1,ESI61,ordi,,,,,,1,,NR,osp,NR,ot,,,,,,,,,,,,,,1,,1,NA,NA,,,,,,,,,,,1,,,,,,tt,js,F,20
HUS1,ESI62,papier,,,,,,1,,NR,ot,NR,NR,1,,,1,1,,,1,,,,,,,,,sv,nvp,,,,,,,,,,,,,,1,1,,NA,NA,F,21
HUS1,ESI63,papier,,1,,1,,,,non,non,non,non,,,,,,,,,,,,,,,1,,NA,NA,,,,,,,,,,,,,,,1,,NA,NA,H,40
HUS1,ESI64,papier,1,,,,,,,non,ot,non,non,,,,1,1,,,,,,,,,,,,js,qqf,,,,,,,,,,,,,,,1,,NA,NA,F,19
HUS1,ESI65,papier,1,,,,,,,NR,ot,NR,NR,,,,1,,,,,,,,,,,,,js,qqf,,,,,,,,,,,,,,,1,,NA,NA,F,19
HUS1,ESI66,papier,1,,,,,,,osp,non,non,non,,,,,,,,,,,,,,1,,,NR,NR,,,,,,,,,,,,,,,1,,NA,NA,H,22
HUS1,ESI67,papier,1,,,,,,,osp,osp,non,non,,,,,,,,,,,,,,1,,,NR,NR,,,,,,,,,,,,,,1,1,,NA,NA,H,22
HUS1,ESI68,papier,,,,1,,,,NR,NR,NR,NR,,,,,,,,,,,,,,,1,,NA,NA,,,,,,,,,,,,,,,1,,NA,NA,H,30
HUS1,ESI69,papier,1,,,1,,,,NR,osp,NR,NR,,,,,,,,,,,,,,1,,,js,js,,,,,,,,,,,,,,,1,,NA,NA,F,36
HUS1,ESI70,papier,,,,,,1,,non,osp,non,non,,,,,,,,,,,,,,1,,,js,js,,,,,,,,,,,,,,1,1,,NA,NA,F,20
HUS1,ESI71,papier,1,,,,,,,NR,osp,non,non,,,,,,,,,,,,,,1,,,js,js,,,,,,,,,,,,,,1,1,,NA,NA,F,25
HUS1,ESI72,pas,,,,,,1,,ot,ot,non,non,,,,1,1,,,1,,1,,,,,,,sv,sv,,,,,,,1,,1,,,,,,,,js,1X,H,33
HUS1,ESI73,papier,,,,1,,,,ot,ot,NR,NR,,,,1,,,,1,,,,,,,,,qqf,qqf,,,,,,,,,,,,,,,1,,NA,NA,F,34
HUS1,ESI74,papier,1,,,1,,,,non,osp,non,non,,,,,,,,,,,,,,1,,,js,js,,,,,,,,,,,,,,,1,,NA,NA,F,21
HUS1,ESI75,papier,1,,,,,,,osp,non,non,non,,,,1,,,,,,,,,,,,,js,js,,,,,,,,,,,,,,,1,,NA,NA,F,20
HUS1,ESI76,papier,1,,,1,,,,non,ot,non,non,1,1,,1,,,,,,,,1,,,,,qqf,qqf,,,,,,,,,,,,,,,1,,NA,NA,H,19
HUS1,ESI77,ordi,1,,,,,,,non,ot,non,ot,,1,,1,,,,1,1,,,1,,,,,js,sv,,,,,,,,,,,,,,,1,,js,js,H,19
HUS1,ESI78,ordi,,,,1,,,,non,osp,non,ot,,,,,,,,,,,,,,1,,,NR,NR,,,,,,,,,,,1,,,,,,js,js,F,19
HUS1,ESI79,papier,1,,,,,,,non,osp,non,non,1,,,,,,,,,,,,reg-heure,,,,1X,qqf,,,,,,,,,,,,,,1,1,,NA,NA,F,19
HUS1,ESI80,papier,1,,,,,,,non,osp,non,non,,,,,,,,,,,,,,1,,,js,js,,,,,,,,,,,,,,,1,,NA,NA,F,19
HUS1,ESI81,ordi,,,,,,1,,osp,osp,non,ot,,,,1,1,,,,,,,,,,,,qqf,qqf,,,,,,,,,,,1,,,,,,tt,js,H,19
HUS1,ESI82,papier,1,,,1,,,,non,ot,non,non,,,,1,,,,,,,,1,,,,,js,sv,,,,,,,,,,,,,,,1,,NA,NA,H,21
HUS1,ESI83,ordi,1,,,,,,,non,ot,non,ot,,,,1,,,,,1,,,1,,,,,1X,sv,,,,,,,,,,,1,,,,,,tt,js,F,18
HUS1,ESI84,ordi,1,,,1,,,,NR,ot,ot,NR,,,,1,,,,,,,,1,,,,,qqf,qqf,,,,,,,,,,,1,,,,,,tt,js,F,20
HUS1,ESI85,ordi,1,,,1,,,,NR,osp,osp,ot,,,,,,,,,,,,,,1,,,NR,NR,,,,,,,,,,,1,,,,,,tt,1X,F,18
HUS1,ESI86,papier,1,,,1,,,,non,ot,non,non,,,,,1,,,,,,,,,,,,js,qqf,,,,,,,,,,,,,,,1,,NA,NA,F,22
HUS1,ESI87,papier,1,,,1,,,,ot,NR,NR,NR,,1,,1,,,,,,,,1,,,,,qqf,1X,,,,,,,,,,,,,,,1,,NA,NA,F,39
HUS1,ESI88,ordi,,,,,,1,,non,ot,non,ot,1,,,1,1,,,,,,1,,,,,,tt,sv,,,,,,,,,,,1,,notercours,,,,tt,js,F,19
HUS1,ESI89,ordi,,,,,,1,,NR,NR,NR,ot,,,,,,,,,,,,,,1,,,js,js,,,,,,,,,,,,,notercours,,,,tt,js,F,20
HUS1,ESI90,ordi,1,,,,,,,NR,NR,NR,ot,1,,,,,,,,,1,,1,,,,,qqf,qqf,,,,,,,,,,,,,,,,1,tt,qqf,H,29
HUS1,ESI91,ordi,,1,,1,,,,osp,osp,non,ot,1,1,,,,,,,,,,1,,,,,qqf,1X,,,,,,,,,,,,,,,,1,tt,js,H,28
HUS1,ESI92,ordi,1,,,1,,,,non,ot,non,ot,1,,,1,,,,,,,,1,,,,,qqf,qqf,,,,,,,,,,,1,,,,,,tt,js,F,18
HUS1,ESI93,ordi,1,,,,,,,non,ot,non,ot,,,1,1,,,,1,,1,,1,,,,,qqf,sv,,,,,,,,,,,1,,,,,,tt,js,F,19
HUS1,ESI94,papier,1,,,1,,,,non,ot,non,non,,,,1,1,,,1,1,,,,,,,,1X,sv,,,,,,,,,,,,,,,1,,NA,NA,F,20
HUS1,ESI95,ordi,1,,,,,,,NR,NR,NR,ot,,,,1,,,,1,,1,,,,,,,js,sv,,,,,,,,,,,1,,,,,,tt,js,H,20
HUS1,ESI96,ordi,,1,,1,,,,non,ot,non,ot,,1,,1,1,,1,1,,1,,1,,,,,js,sv,,,,,,,,,,,1,,,,,,js,js,H,20
HUS1,ESI97,papier,1,,,,,,,non,ot,non,non,,,,1,,,,,,1,,1,,,,,qqf,sv,,,,,,,,,,,,,,1,,,js,js,H,22
HUS1,ESI98,ordi,,,,1,,,,ot,NR,ot,non,,,,1,,,,,,,,,,,,,NR,NR,,,,,,,,,,,1,,,,,,sv,js,F,20
HUS1,ESI99,papier,1,,,1,,,,non,ot,non,non,,,,,,,,,,,,,reg-heure,,,,qqf,js,,,,,,,,,,,,,,,1,,NA,NA,F,18
HUS1,ESI100,papier,,,,,,1,,osp,non,non,non,,,,,,,,,,,,,reg-heure,,,,qqf,qqf,,,,,,,,,,,,,,1,1,,NA,NA,H,23
HUS1,ESI101,ordi,1,,,1,,,,non,osp,non,ot,,,,,,,,,,,,,,1,,,js,js,,,,,,,,,,,,,,,,1,nvp,nvp,F,21
HUS1,ESI102,papier,1,,,,,,,osp,non,non,non,,,,,,,,,,,,1,,,,,js,1X,,,,,,,,,,,,,,,1,,NA,NA,H,19
HUS1,ESI103,papier,1,,,1,,,,osp,non,non,non,,,,1,,,,,,,,,,,,,js,qqf,,,,,,,,,,,,,,,1,,NA,NA,H,20
HUS1,ESI104,ordi,,,,1,,,,non,ot,non,ot,,,,1,1,,,,,,,1,,,,,js,sv,,,,,,,,,,,1,,,,,,tt,js,F,19
HUS1,ESI105,ordi,1,,,1,,,,NR,ot,NR,ot,,,,,1,,,,,,,1,,,,,qqf,qqf,,,,,,,,,,,1,,,,,,tt,js,H,27
HUS1,ESI106,ordi,1,,,,,,,non,osp,non,ot,,,,1,,,1,1,1,,,,,,,,1X,qqf,,,,,,,,,,,1,1,,,,,tt,js,H,24
HUS1,ESI107,ordi,,,,,,1,,ot,non,non,ot,,,,1,,,,,,,,1,,,,,qqf,qqf,,,,,,,,,,,1,,,,,,tt,js,F,19
HUS1,ESI108,ordi,,,,1,,,,non,osp,non,ot,,,,,,,,,,,,1,,,,,1X,1X,,,,,,,,,,,1,,,,,,tt,1X,F,20
HUS1,ESI109,papier,,,,1,,,,NR,osp,NR,NR,,,,,,,,,,,,,,1,1,,NA,NA,,,,,,,,,,,,,,,1,,NA,NA,H,20
HUS1,ESI110,papier,,,,1,,,,osp,NR,NR,NR,,,,,,,,,,,,,,1,,,NR,NR,,,,,,,,,,,,,,,1,,NA,NA,H,26
HUS1,ESI111,ordi,1,,,,,,,osp,NR,non,ot,,,,1,,,,1,,,,,,,,,qqf,qqf,,,,,,,,,,,1,,,,,,sv,nvp,F,19
HUS1,ESI112,papier,,,,,,1,,non,ot,non,non,1,,,,,,,,,,,1,,,,,js,qqf,,,,,,,,,,,,,,,1,,NA,NA,H,24
HUS1,ESI113,ordi,1,1,,,,,,non,osp,non,ot,,1,,1,1,,,,,1,1,,,,,,sv,sv,,,,,,,,,,,1,,,,,,tt,1X,F,20
HUS1,ESI114,X,1,1,,1,1,,anciencours,non,ot,non,ot,,,,1,1,,,1,,1,1,1,,,,,jnsp,sv,,,,,,,,,,,1,1,1,,,,tt,js,F,20
HUS1,ESI115,papier,1,,,,,,,non,ot,NR,ot,1,1,,1,,,,1,1,1,,,,,,,sv,qqf,,,,,,,,,,,,,,,1,,js,js,F,19
HUS1,ESI116,papier,1,,,1,,,,non,ot,NR,NR,1,,1,1,,,,,,,,1,,,,,qqf,qqf,,,,,,,,,,,,,,1,1,,NA,NA,H,26
HUS1,ESI117,papier,,,,,,1,,non,ot,non,non,,,,1,1,,,,,,,,,,,,js,qqf,,,,,,,,,,,,,,,1,,NA,NA,F,25
HUS1,ESI118,papier,1,,,1,,,,osp,non,non,non,,,,1,,,,,,,,,,,,,js,qqf,,,,,,,,,,,,,,,1,,NA,NA,F,19
HUS1,ESI119,papier,1,,,,,,,NR,NR,NR,NR,1,,,,,,,,,,,,,,,,1X,NR,,1,,,,,1,,,,,,,,,,sv,nvp,F,36
HUS1,ESI120,ordi,1,1,,,,,,non,ot,non,ot,1,1,,1,,,,,,,1,,,,,,sv,sv,,,,,,,,,,,,,,,,,NR,NR,NR,NA
HUS1,ESI121,ordi,,,,,,1,,non,ot,non,ot,,1,,1,,,,1,,,,,,,,,js,tt,,,,,,,,,,,,,,1,,,js,js,F,20
HUS1,ESI122,papier,,,,,,1,,non,ot,non,non,1,,,1,,,,,,,,1,,,,,qqf,qqf,,,,,,,,,,,,,,,1,,NA,NA,F,20
HUS1,ESI123,ordi,,,,1,,,,osp,NR,NR,ot,,,,1,1,,,,,,,1,,,,,qqf,qqf,,,,,,,,,,,1,,,,,,js,1X,F,22
HUS1,ESI124,papier,,,,1,,,,NR,ot,non,non,1,,,1,1,,,,,,,,,,,,qqf,1X,,,,,,,,,,,,,,,1,,NA,NA,F,NA
HUS1,ESI125,pas,1,,,1,,,,NR,ot,NR,NR,1,,,1,1,,,1,1,,,,,,,,qqf,tt,,,,,,,,,,,,,,,1,,NA,NA,F,18
HUS1,ESI126,papier,1,,,,,,,non,ot,non,non,,,,1,,,,,,,,,,,,,js,sv,,,,,,,,,,,,,,,1,,NA,NA,F,19
HUS1,ESI127,ordi,,,,,,1,,non,osp,ot,non,,1,,1,1,,,,,,,,,,,,1X,1X,,,,,,,,,,,1,,,,,,NR,NR,F,19
HUS1,ESI128,papier,1,,,1,,,,non,osp,non,non,1,1,,1,1,,,,,,,1,,,,,qqf,qqf,,,,,,,,,,,,,,,1,,NA,NA,F,19
HUS1,ESI129,ordi,1,,,1,,,,NR,osp,non,ot,,,,,,,,,,,,,,1,,,js,js,,,,,,,,,,,1,,,,,,tt,js,F,20
HUS1,ESI130,papier,,,,1,,,,NR,ot,NR,NR,,,,1,1,,,,,,,1,,,,,qqf,qqf,,,,,,,,,,,,,,,1,,NA,NA,F,21
HUS1,ESI131,papier,1,,,1,,,,non,non,non,non,,,,,1,,,,,,,1,,,,,1X,qqf,,,,,,,,,,,,,,,1,,NA,NA,H,27
HUS1,ESI132,ordi,1,,,1,,,,non,ot,non,ot,1,,,,1,,,,,,1,1,,,,,qqf,js,1,,,1,,,,,,,,1,,,,,tt,js,H,21
HUS1,ESI133,papier,,,,,,1,,non,ot,NR,NR,,,,1,1,,,,,,,,,,,,js,qqf,,,,,,,,,,,,,,,1,,NA,NA,F,27
HUS1,ESI134,papier,1,,,,,,,non,ot,non,non,1,1,,1,,,,,,,,1,,,,,nvp,nvp,,,,,,,,,,,,,,,,1,nvp,nvp,H,24
HUS1,ESI135,papier,1,,,1,,,,NR,ot,NR,NR,,,,,,,,,,,,1,,,,,qqf,qqf,,,,,,,,,,,,,,,1,,NA,NA,H,36
HUS1,ESI136,papier,,,,,,1,,osp,non,non,osp,,,,,,,,,,,,,,1,,,js,js,,,,,,,,,,,,,,1,,,js,js,H,25
HUS1,ESI137,papier,1,,,,,,,NR,osp,osp,NR,,,,1,,,,,,,,,,,,,js,qqf,,,,,,,,,,,,,,1,,,js,js,F,17
HUS1,ESI138,papier,1,,,,,,,non,ot,non,non,,,,,,,,,,,,1,,,,,js,qqf,,,,,,,,,,,,,,,1,,NA,NA,H,22
HUS1,ESI139,papier,1,,,,,,,non,non,non,non,,,,,,,,,,,,,,1,,,nvp,nvp,,,,,,,,,,,,,,,1,,NA,NA,F,45
HUS1,ESI140,X,,,,1,,,,ot,non,non,ot,,,,1,,,,,,,,,,,,,qqf,js,,,,,,,,,,,1,,,,,,tt,js,F,18
HUS1,ESI141,papier,1,,,,,,,NR,NR,NR,NR,,,,,,,,,,,,,,,,1,js,js,,,,,,,,,,,,,,1,,,js,js,H,30
HUS1,ESI142,papier,1,,,,,,,osp,NR,NR,NR,,,,1,,,,,,,,,,,,,js,js,,,,,,,,,,,,,,1,1,,js,js,F,44
HUS1,ESI143,papier,1,,,1,,,,osp,NR,NR,NR,,,1,,,,,,,,,,,,,,js,js,,,,,,,,,,,,,,1,1,,js,js,F,43
HUS1,ESI144,ordi,,,,1,,,,NR,osp,NR,ot,,,,1,1,,,,,1,,1,,,,,js,qqf,,,,,,,,,,,1,1,,,,,tt,jnsp,F,18
HUS1,ESI145,papier,1,,,,,,,osp,osp,non,non,1,1,1,1,1,,,,,,,1,,,,,qqf,qqf,,,,,,,,,,,,,,,1,,js,js,F,22
HUS1,ESI146,papier,,,,,,1,,NR,ot,NR,NR,,,,1,,,,,,,,,,,,,js,qqf,,,,,,,,,,,,,,,1,,NA,NA,F,20
HUS1,ESI147,X,,,,1,,,,NR,NR,NR,ot,,,,,,,,,,,,,,1,1,,NA,NA,,,,,,,,,,,1,,,,,,tt,js,H,44
HUS1,ESI148,papier,1,1,,1,,,,non,osp,non,non,,,,1,1,,,1,,,,,,,,,js,qqf,,,,,,,,,,,,,,1,,,js,js,F,22
HUS1,ESI149,papier,,,,1,,,,ot,ot,non,non,,,,1,1,,,,,,,1,,,,,qqf,qqf,,,,,,,,,,,,,,1,1,,NA,NA,F,23
HUS1,ESI150,papier,,,,,,1,,osp,NR,NR,NR,,,1,1,,,,,1,,,,,,,,js,js,,,,,,,,,,,,,,1,1,,js,js,F,32
HUS1,ESI151,papier,1,,,1,,,,non,ot,non,non,,,,,,,,,,,,,,1,,,NR,NR,,,,,,,,,,,,,,1,,,NR,NR,F,19
HUS1,ESI152,papier,1,,,1,,,,non,osp,non,non,,,,,,,,,,,,,,1,,,js,1X,,,,,,,,,,,,,,,1,,NA,NA,F,18
HUS1,ESI153,papier,,,,,,1,,non,osp,non,non,,,,,,,,,,,,,,1,,,js,js,,,,,,,,,,,,,,,1,,NA,NA,F,20
HUS1,ESI154,papier,1,,,,,,,non,osp,non,non,,,,,,,,,,,,,,1,,,js,js,,,,,,,,,,,,,,,1,,NA,NA,F,20
HUS1,ESI155,papier,1,,,1,,,,non,osp,non,non,,,,,,,,,,,,,,1,,,js,js,,,,,,,,,,,,,,1,,,js,js,F,18
HUS1,ESI156,papier,1,,,1,,,,NR,ot,NR,NR,1,,,1,,,,,,,,,,,,,qqf,1X,,,,,,,,,,,,,,1,,,js,js,F,20
HUS1,ESI157,papier,1,,,,,,,non,ot,non,non,,,,1,,,,,,,,,,,,,qqf,qqf,,,,,,,,,,,,,,1,1,,NA,NA,F,20
HUS1,ESI158,papier,,,,,,1,,non,ot,non,non,,,,1,,,,,,,,,,,,,js,qqf,,,,,,,,,,,,,,,1,,NA,NA,F,22
HUS1,ESI159,papier,,,,,,1,,non,osp,non,non,,,,1,1,,,,,,,,,,,,js,qqf,,,,,,,,,,,,,,,1,,NA,NA,F,33
HUS1,ESI160,papier,1,,,1,,,,non,ot,non,non,,1,1,1,1,,,1,1,,,,,,,,js,tt,,,,,,,,,,,,,,,1,,NA,NA,F,28
HUS1,ESI161,papier,1,,,1,,,,osp,non,non,non,,,,1,,,,,1,,,,,,,,js,qqf,,,,,,,,,,,,,,,1,,NA,NA,F,23
HUS1,ESI162,papier,1,,,,,,,non,non,non,non,,,,,,,,,,,,,,,1,,NA,NA,,,,,,,,,,,,,,1,1,,NA,NA,F,44
HUS2,ESI1,ordi,1,1,,,1,,Wpersojeux,non,ot,non,ot,,,,1,,,,1,,1,,,,,,,js,qqf,,,1,,,,,,,1,,,,,,,sv,sv,H,22
HUS2,ESI2,ordi,1,,,,,1,,non,ot,non,ot,,1,,1,1,,,1,,,,,,,,,js,qqf,,,,,,,,,,1,,,,,,,jnsp,qqf,F,33
HUS2,ESI3,ordi,,1,,,,,,non,ot,non,ot,1,,,1,,,,,,,,1,,,,,qqf,qqf,1,1,1,,,,,,,,,,,,,,qqf,qqf,F,20
HUS2,ESI4,ordi,,,,,,1,,non,ot,non,ot,,1,,1,1,,,1,,1,,,,,,,js,sv,,,,,,,,,,,,1,,,,,sv,js,F,22
HUS2,ESI5,papier,,,,,,1,,NR,ot,NR,NR,,,,1,1,,,,,1,,1,,,,,js,tt,,,,,,,,,,,,,,1,1,,NA,NA,F,20
HUS2,ESI6,papier,,,,,,1,,NR,ot,NR,NR,,1,,,,,,,,,,1,recTFE,,,,qqf,qqf,,,,,,,,,,,,,,1,1,,NA,NA,F,23
HUS2,ESI7,ordi,1,,,,1,,qt_int,NR,ot,ot,NR,,,,1,,,,,,,,1,,,,,js,qqf,,,,,,,,,,,1,,,,,,js,js,F,27
HUS2,ESI8,ordi,1,,,,1,,telport,non,ot,non,ot,,1,,1,,,,,,,,1,,,,,js,qqf,,,,,,,,,,,1,,,,,,js,js,F,20
HUS2,ESI9,ordi,1,,,,,,,non,ot,ot,non,,,,1,,,,,,1,,,,,,,js,sv,,,1,,,,,,1,1,1,,,,,,qqf,sv,F,21
HUS2,ESI10,pas,,,,,,1,,ot,NR,NR,ot,1,,,1,1,,,1,,,,1,,,,,qqf,sv,,,,,,,,,,,,,,1,,,js,js,F,21
HUS2,ESI11,pas,1,,,,,,,non,ot,non,ot,,1,,,,,,,,,,,,,,,1X,1X,,,,,,,,,,,,1,,,,,sv,1X,F,28
HUS2,ESI12,ordi,1,,,,,,,NR,ot,NR,ot,,,,1,1,,,1,,,,1,,,,,js,tt,,1,1,1,,,,,,1,,,prepCV,,,,js,tt,F,23
HUS2,ESI13,papier,1,,,,,,,ot,ot,non,non,,1,,1,,,,,,,,,,,,,qqf,1X,,,,,,,,,,,,,,,1,,NA,NA,F,41
HUS2,ESI14,ordi,1,,,,,,,ot,ot,non,ot,,1,,1,1,,,,,1,,,,,,,js,sv,,,,,,,,,,,,,notercours,,,,tt,js,F,25
HUS2,ESI15,ordi,1,,,,,,,non,ot,non,ot,,,,1,,,,,,,1,,,,,,js,1X,,,,,,,,,,,1,,,,,,sv,js,F,21
HUS2,ESI16,papier,1,,,,,,,non,ot,non,non,,,,1,,,,,,1,,,,,,,js,sv,,,,,,,,,,,,,,1,1,,js,js,F,22
HUS2,ESI17,papier,1,,,,,1,,non,non,non,non,,,,,1,,,,,,,1,,,,,1X,js,,,,,,,,,,,,,,1,1,,NA,NA,F,44
HUS2,ESI18,ordi,,,,,,1,,NR,osp,NR,ot,,,,1,,,,,,,,,,,,,js,1X,,,,,,,,,,,,,,,1,,NA,NA,F,26
HUS2,ESI19,ordi,1,,,,,,,NR,ot,NR,ot,,,,1,,,,,,,,,rechinfoautrecours,,,,1X,qqf,,,,,,,,,,,,,regautre cours,,,,NR,1X,F,22
HUS2,ESI20,ordi,1,,,,,,,NR,NR,NR,ot,,,,,,,,,,,,,,1,1,,NA,NA,,,,,,,,,,1,,,,,,,tt,js,F,NA
HUS2,ESI21,ordi,1,,,,,,,NR,NR,NR,ot,,,,,,,,,,,,,,,1,,NA,NA,,,,,,,,,,1,,,,,,,tt,NR,F,40
HUS2,ESI22,papier,,,,,,1,,osp,non,non,non,,,,,,,,,,,,,,,1,,NA,NA,,,,,,,,,,,,,,,1,,NA,NA,F,32
HUS2,ESI23,ordi,1,,,,,,,NR,ot,NR,ot,,1,,1,,,,,,,,,,,,,js,1X,,,,,,,,,,,1,,,,,,tt,js,F,20
HUS2,ESI24,papier,1,,,,,,,non,ot,non,non,,1,,1,,,,,,1,,1,,,,,js,sv,,,,,,,,,,,,,,,1,,NA,NA,F,22
HUS2,ESI25,ordi,1,,,,,,,NR,ot,ot,NR,,1,,1,,,,,,,,,,,,,sv,qqf,,,,,,,,,,,1,,,,,,tt,qqf,F,22
HUS2,ESI26,papier,1,,,,,,,non,ot,ot,non,,,,1,1,,,,,,1,1,,,,,qqf,1X,,,,,,,,,,1,,,,,,,qqf,qqf,F,22
HUS2,ESI27,papier,1,,,,,,,non,osp,non,non,,,,,,,,,,,,,,,1,,NA,NA,,,,,,,,,,,,,,,1,,NA,NA,H,41
HUS2,ESI28,pas,1,1,,,,,,osp,non,ot,non,1,1,,1,1,,,,,,,1,,,,,qqf,qqf,,,,1,,,,,,,,1,,,,,sv,qqf,H,21
HUS2,ESI29,pas,1,,,,,,,non,ot,NR,ot,,,,1,,,,,,,,,,,,,sv,js,,,,,,,,,1,,1,,,,,,qqf,qqf,H,23
HUS2,ESI30,papier,1,,,,,,,non,non,non,non,,,,,,,,,,,,,,1,1,,NA,NA,,,,,,,,,,,,,,,1,,NA,NA,F,22
HUS2,ESI31,papier,1,,,,,1,,non,non,non,non,,,,1,,,,,,1,,,,,,,js,sv,,,,,,,,,,,,,,,1,,NA,NA,F,40
HUS2,ESI32,papier,1,,,,,,,non,ot,non,non,,,,1,1,,,,,1,,,,,,,js,sv,,,,,,,,,,,,,,,1,,NA,NA,H,30
HUS2,ESI33,papier,,,,,,1,,non,osp,non,non,,,,,,,,,,,,1,,,,,NR,NR,,,,,,,,,,,,,,1,,,js,js,F,20
HUS2,ESI34,papier,1,1,,,,,,non,ot,non,non,,1,,1,,,,,,1,,,,,,,qqf,sv,,,,,,,,,,,,,,,1,,NA,NA,H,21
HUS2,ESI35,papier,1,,,,,,,non,ot,non,non,,,,1,,,,,,1,,1,,,,,js,sv,,,,,,,,,,,,,,,1,,NA,NA,F,20
HUS2,ESI36,papier,,,,,,1,,non,osp,non,non,,,,,,,,,,,,,,1,,,js,js,,,,,,,,,,,,,,,1,,NA,NA,F,25
HUS2,ESI37,papier,1,,,,,,,osp,non,non,non,,,,1,,,,,,1,,,,,,,qqf,qqf,,,,,,,,,,,,,,,1,,NA,NA,H,22
HUS2,ESI38,ordi,1,,,,,,,non,ot,non,ot,1,,,1,1,,,,,,,1,,,,,qqf,qqf,,,,,,,,,,,1,,,,,,js,js,F,21
HUS2,ESI39,papier,1,,,,,,,NR,ot,NR,NR,,,,1,,,,,,,,,,,,,js,jnsp,,,,,,,,,,,,,,,1,,NA,NA,F,20
HUS2,ESI40,papier,1,,,,,,,non,ot,non,non,,,,1,,,,1,,1,,,,,,,js,sv,,,,,,,,,,,,,,1,1,,NA,NA,F,22
HUS2,ESI41,papier,1,,,,,,,non,non,non,non,,,,,,,,,,,,,sms,,,,1X,1X,NR,NR,NR,NR,NR,NR,NR,NR,NR,NR,NR,NR,NR,NR,NR,NR,js,js,F,34
HUS2,ESI42,ordi,1,,,,,,,non,ot,non,ot,,,,1,,,,,,,,,partage3G,,,,1X,qqf,1,1,,,,,1,,,,1,,,,,,1X,qqf,H,26
HUS2,ESI43,pas,1,,,,1,,Wperso,NR,ot,NR,ot,1,1,,1,,,,,,,,,rechercheautre,,,,qqf,sv,,,,,,,,,,,1,1,,,,,sv,1X,F,22
HUS2,ESI44,papier,1,,,,,1,,NR,osp,NR,NR,,,,,,,,,,,,1,,,,,1X,js,,,,,,,,,,,,,,,1,,NA,NA,F,35
HUS2,ESI45,papier,1,,,,,,,non,osp,non,non,,,,,,,,,,,,,,1,1,,NA,NA,,,,,,,,,,,,,,1,1,,NA,NA,F,22
HUS2,ESI46,papier,1,,,,,,,non,osp,non,non,,,,,1,,,1,,,,,,,,,js,qqf,,,,,,,,,,,,,,,1,,NA,NA,F,25
HUS2,ESI47,papier,1,,,,1,,qt_int,non,ot,non,non,,,,1,,,,,,1,,,,,,,js,sv,,,,,,,,,,,,,,,1,,NA,NA,F,21
HUS2,ESI48,papier,1,,,,,,,ot,non,non,non,,,,1,,,1,,,1,,,,,,,sv,sv,,,,,,,,,,,,,,,1,,NA,NA,F,36
HUS2,ESI49,pas,,,,,,1,,ot,NR,NR,NR,,1,,1,1,,,,,,,,,,,,sv,qqf,,1,,,,,,,,,,,,,,,NR,NR,F,30
HUS2,ESI50,papier,1,,,,,,,ot,ot,non,non,,,,,1,,1,1,,1,,,,,,,sv,sv,,,,,,,,,,,,,,,1,,NA,NA,F,25
HUS2,ESI51,papier,1,,,,,,,NR,ot,NR,NR,,,,1,,,,,,,,,,,,,1X,nvp,,,,,,,1,,,,,,,,,,1X,1X,F,30
HUS2,ESI52,papier,,,1,,,,,ot,ot,non,non,,,,1,,,,,,1,,,,,,,js,qqf,,,,,,,,,,,,,,,1,,NA,NA,F,34
HUS2,ESI53,papier,1,,,,,,,non,ot,non,non,,,,1,1,,,,,,,,,,,,js,qqf,,,,,,,,,,,,,,,1,,NA,NA,F,20
HUS2,ESI54,papier,1,,,,,,,non,ot,non,non,,,,1,1,,,,,,,1,,,,,js,qqf,,,,,,,,,,,,,,1,1,,NA,NA,F,21
HUS2,ESI55,papier,1,,,,,,,ot,ot,NR,NR,,,,1,1,,,1,,,1,,,,,,qqf,qqf,,,,,,,,,,,,,,,1,,NA,NA,F,32
HUS2,ESI56,papier,1,,,,,,,non,osp,non,non,,,,,,,,,,,,,,1,,,NR,NR,NR,NR,NR,NR,NR,NR,NR,NR,NR,NR,NR,NR,NR,NR,NR,NR,NR,NR,F,31
HUS2,ESI57,papier,1,,,,,,,osp,non,non,non,,,,1,,,,,,,,,,,,,js,1X,,,,,,,,,,,,,,,1,,NA,NA,H,26
HUS2,ESI58,papier,,1,,1,,,,NR,NR,NR,NR,,,,,,,,,,,,,,1,,,NR,NR,NR,NR,NR,NR,NR,NR,NR,NR,NR,NR,NR,NR,NR,NR,NR,NR,NR,NR,F,34
HUS2,ESI59,papier,1,1,,,,,,ot,ot,NR,NR,1,,,1,,,,1,1,,,,,,,,1X,qqf,NR,NR,NR,NR,NR,NR,NR,NR,NR,NR,NR,NR,NR,NR,NR,NR,NR,NR,F,21
HUS2,ESI60,papier,1,,,,,,,osp,non,non,non,,,,,,,,,,,,,,1,,,js,js,,,,,,,,,,,,,,,1,,NA,NA,F,36
Sa1,ESI1,papier,1,,,,,,,osp,non,osp,non,,1,,1,,,,,,,,,,,,,qqf,nvp,,,,,,,,,,,,,,,1,,NA,NA,F,26
Sa1,ESI2,papier,1,,,,1,,anciencours,non,ot,non,non,1,,,1,,,,,,,,1,,,,,qqf,tt,,,,,,,,,,,,,,,1,,NA,NA,F,20
Sa1,ESI3,papier,1,1,,1,,,,NR,osp,NR,NR,,,,1,1,,,1,,,,,,,,,qqf,qqf,,,,,,,,,,,,,,,1,,NA,NA,F,20
Sa1,ESI4,papier,,,,,,1,,ot,non,non,non,,,,1,,,,,,,,,,,,,js,qqf,,,,,,,,,,,,,,,1,,NA,NA,F,36
Sa1,ESI5,pas,1,,,1,,,,non,ot,non,non,,1,1,1,,,,1,,,,1,,,,,sv,sv,,,,,,,,,,,,,,1,,,NR,NR,F,21
Sa1,ESI6,papier,,,,,,1,,non,osp,non,non,,,,,,,,,,,,,,1,,,NR,NR,,,,,,,,,,,,,,1,1,,NA,NA,F,20
Sa1,ESI7,pas,,,,,,1,,non,ot,non,non,,1,,1,1,,1,1,,1,,1,,,,,1X,sv,,,,,,,,,,,,,,,1,,NA,NA,H,26
Sa1,ESI8,pas,,,,,1,,pptfincours,NR,ot,NR,NR,,,,,,,,1,,1,,,,,,,js,sv,,,,,,,,,,,,,,1,,,js,js,F,23
Sa1,ESI9,papier,1,,,,1,,mesconnaissances,non,ot,non,non,1,,,1,,,,1,,,,1,,,,,qqf,qqf,,,,,,,,,,,,,,,1,,NA,NA,F,20
Sa1,ESI10,papier,,1,,,,,,non,osp,non,non,1,,,,,,,,,,,1,,,,,qqf,1X,,,,,,,,,,,,,,,1,,NA,NA,F,23
Sa1,ESI11,papier,1,,,,,,,NR,ot,NR,NR,,,,1,1,,,1,,,,1,,,,,sv,sv,,,,,,,,,,,,,,1,,,js,js,F,22
Sa1,ESI12,papier,,1,,,,,,non,ot,non,non,1,1,,1,,,,,,1,,,,,,,qqf,qqf,,,,,,,,,,,,,,,1,,NA,NA,F,21
Sa1,ESI13,papier,1,,,,,,,non,ot,non,non,,1,,1,,,,1,,,,,,,,,1X,1X,,,,,,,,,,,,,,,1,,NA,NA,F,20
Sa1,ESI14,papier,1,1,,,,,,non,non,non,non,,,,,,,,,,,,,,1,,,js,js,,,,,,,,,,,,,,1,,,js,js,H,43
Sa1,ESI15,papier,1,,,1,,,,non,ot,non,non,,,,,,,,,,,,,,1,,,js,js,,,,,,,,,,,,,,,1,,NA,NA,F,23
Sa1,ESI16,papier,,,,,,1,,non,ot,non,non,1,,,,,,,,,,,,,,,,1X,js,,,,,,,,,,,,,,,1,,NA,NA,F,27
Sa1,ESI17,papier,1,1,,,,,,osp,non,non,non,1,,,1,,,,,,,,1,,,,,1X,qqf,,,,,,,,,,,,,,,1,,js,js,F,22
Sa1,ESI18,papier,1,,,,,,,osp,non,non,non,,,,,,,,,,,,,,1,,,js,js,,,,,,,,,,,,,,1,,,js,js,F,41
Sa1,ESI19,papier,1,,,,,,,non,non,non,non,,,,1,,,,,,,,,,,,,js,qqf,,,,,,,,,,,,,,1,,,NR,NR,F,22
Sa1,ESI20,X,1,,,1,,,,ot,NR,ot,NR,1,1,,1,,,,,,,,,,,,,qqf,qqf,1,,,,,,,,,1,1,,,,,,sv,qqf,F,21
Sa1,ESI21,papier,1,,,,,,,non,ot,non,non,,,1,,,,,1,,,,,,,,,js,sv,,,1,,,,1,,,,,,,,,,js,js,F,21
Sa1,ESI22,papier,,1,,,,,,non,osp,non,non,NR,NR,NR,NR,NR,NR,NR,NR,NR,NR,NR,NR,NR,NR,NR,NR,NR,NR,,,,,,,,,,,,,,1,,,js,js,H,NA
Sa1,ESI23,pas,,,,1,,,,non,ot,non,non,1,,,1,1,,,,,,,,,,,,qqf,qqf,1,,,1,,,1,,,,,,,,,,qqf,qqf,F,22
Sa1,ESI24,pas,,,,,,1,,ot,NR,NR,NR,,,,1,1,,,,,1,,,,,,,js,sv,NR,NR,NR,NR,NR,NR,NR,NR,NR,NR,NR,NR,NR,NR,NR,NR,NR,NR,NR,NA
Sa1,ESI25,papier,1,,,,,,,NR,osp,NR,NR,,,,,,,,,,,,,,1,,,js,js,,,,,,,,,,,,,,,1,,NA,NA,F,22
Sa1,ESI26,ordi,,1,,1,,,,ot,ot,ot,non,1,,,1,1,,,,,1,,1,,,,,qqf,qqf,,,,,,,,,,,1,,,,,,tt,js,F,22
Sa1,ESI27,papier,1,,,,,,,non,ot,non,non,,,,1,,,,,,,,,,,,,js,qqf,,,,,,,,,,,,,,,1,,NA,NA,F,20
Sa1,ESI28,papier,1,,,,,,,non,ot,non,non,,,,1,1,,,,,,,1,,,,,js,sv,,,,,,,,,,,,,,,1,,NA,NA,F,23
Sa1,ESI29,papier,,,,,,1,,osp,non,non,non,,,,1,,,,,,,,,,,,,js,js,,,,,,,,,,,,,,,1,,NA,NA,F,38
Sa1,ESI30,pas,1,,,,,,,non,osp,non,non,,,,1,,,,,,,,,,,,,js,sv,,,,,,,,,,,,,,,1,,NA,NA,F,22
Sa1,ESI31,papier,1,,,,,,,NR,osp,NR,NR,,,,,1,,,,,,,,,,,,1X,1X,,,,,,,,,,,,,,,1,,NA,NA,F,35
Sa1,ESI32,pas,,,,1,,,,osp,non,non,non,,1,,1,,,,,,,,,,,,,qqf,qqf,,,,,,,,,,,,,,,1,,NA,NA,F,20
Sa1,ESI33,pas,,,,,,1,,ot,non,ot,non,1,,,1,1,,,,,1,1,,,,,,qqf,1X,1,,,,1,,,,,,,,,,,,qqf,1X,H,23
Sa1,ESI34,pas,1,,,1,,,,non,osp,osp,non,,,1,,,,,,,,,,,,,,qqf,qqf,,,,,,,,,,,,,,1,,,NR,NR,F,22
Sa1,ESI35,pas,1,,,,,,,non,ot,non,non,1,1,,1,1,,,,,,,,,,,,qqf,qqf,,,,,,,,,,,,,,,1,,NA,NA,H,21
Sa1,ESI36,papier,,,,1,,,,ot,non,non,non,,,,1,,,,,,,,,,,,,qqf,qqf,,,,,,,,,,,,,,,1,,NA,NA,F,24
Sa1,ESI37,papier,,1,,,,,,ot,non,non,non,1,1,,1,1,,,,,1,,,,,,,qqf,qqf,,,,,,,,,,,,,,,1,,NA,NA,H,23
Sa1,ESI38,pas,,,,1,,,,ot,ot,NR,NR,1,,,1,,,,,,,,1,,,,,qqf,qqf,,,,,,,,,,,,,,,,1,nvp,NR,H,21
Sa1,ESI39,papier,1,1,,1,,,,non,ot,non,non,,,,1,,,,,,,,,,,,,qqf,NR,,,,,,,,,,,,,,,1,,NA,NA,F,23
Sa1,ESI40,papier,1,,,,,,,non,non,non,non,,,,,,,,,,,,,,1,1,,NA,NA,,,,,,,,,,,,,,,1,,NA,NA,F,24
Sa1,ESI41,papier,,,,,,1,,non,osp,non,non,,,,,,,,,,,,,,1,1,,NR,NR,,,,,,,,,,,,,,,1,,NA,NA,H,21
Sa1,ESI42,papier,1,,,,,,,osp,osp,non,non,1,,,1,,,,,,,,,,,,,qqf,1X,,,,,,,,,,,,,,,1,,NA,NA,F,21
H1,ESI1,ordi,1,1,,,1,,film,non,ot,NR,ot,1,1,1,1,1,1,1,1,1,1,1,,,,,,qqf,sv,1,1,1,1,1,,,,,1,1,,,,,,tt,sv,H,21
H1,ESI2,papier,1,,,,,,,non,osp,ot,non,1,,,,,,,,,,,,,,,,qqf,qqf,,,,,,,,,,,,,regcours,,,,tt,js,F,20
H1,ESI3,ordi,1,,,,,,,non,osp,non,ot,,,,,,,,,,,,,,1,,,js,js,,,,,,,,,,,1,,,,,,tt,js,F,20
H1,ESI4,ordi,,,,,,1,,non,ot,non,ot,,,,1,,,,,,,,,,,,,js,sv,,1,,,,,,,,,,,regppt,,,,tt,qqf,F,21
H1,ESI5,pas,,,,,,1,,non,ot,non,ot,,1,,1,,,,,,,,1,,,,,jnsp,jnsp,,1,,,,,,,,,,,,,,,tt,tt,F,22
H1,ESI6,ordi,,1,,,,,,NR,osp,NR,ot,,,,,,,,,,,,,,1,,,1X,js,1,,,,,,,,,,,,,,,,tt,js,F,48
H1,ESI7,ordi,1,,,,,,,non,ot,non,ot,1,,,1,,,,1,,,1,,,,,,sv,qqf,,,,,,,,,,1,1,,,,,,sv,js,F,21
H1,ESI8,papier,,,,,,1,,NR,osp,NR,osp,,,,,,,,,,,,,,1,,,NR,NR,,,,,,,,,,,,,,1,,,NR,NR,F,32
H1,ESI9,papier,1,,,,,,,non,ot,non,non,,,,,,,,,,,,,,1,,,js,js,,,,,,,,,,,,,,,1,,NA,NA,F,20
H1,ESI10,papier,1,,,,,,,non,osp,non,non,,,,,,,,,,,,,,1,,,js,js,,,,,,,,,,,,,,,1,,NA,NA,F,25
H1,ESI11,X,,,,,,1,,non,ot,ot,non,,,,1,,,,,,,,,,,,,js,1X,,,,,,,,,,,1,,,,,,sv,js,F,22
H1,ESI12,papier,,,,,,1,,osp,non,ot,non,,,,1,,,,,,,,,,,,,js,1X,NR,NR,NR,NR,NR,NR,NR,NR,NR,NR,NR,NR,NR,NR,NR,NR,js,1X,F,19
H1,ESI13,papier,1,,,,,,,non,osp,non,non,,,,,,,,,,,,,,1,1,,NA,NA,,,,,,,,,,,,,,,1,,NA,NA,F,33
H1,ESI14,ordi,1,,,,,,,osp,NR,NR,ot,,,,,,,,,,,,,,,1,,NA,NA,,,,,,,,,,,1,,,,,,NR,NR,F,22
H1,ESI15,pas,1,,,,,,,non,ot,ot,non,,,,1,,,,1,,,,1,,,,,js,qqf,,,,,,,,,1,1,,,,,,,js,qqf,F,22
H1,ESI16,ordi,,1,,,,,,non,ot,non,ot,1,1,,1,1,,,,,,,1,,,,,1X,qqf,1,,,1,,,,,,,,1,,,,,sv,sv,F,35
H1,ESI17,papier,,,,,,1,,non,osp,non,osp,,,,,,,,,,,,,,1,,,js,js,,,,,,,,,,,,,,1,,,js,js,F,21
H1,ESI18,pas,,,,,,1,,non,ot,osp,non,,,,1,,,,1,,,,1,,,,,js,qqf,,,,,,,,,,,,,,1,,,js,js,F,20
H1,ESI19,papier,1,,,,,,,osp,non,non,non,,,,,,,,,,,,,,1,,,js,js,,,,,,,,,,,,,,,1,,NA,NA,F,39
H1,ESI20,pas,1,1,,,,,,NR,ot,ot,NR,1,1,1,1,1,,,1,,1,,,,,,,qqf,sv,,,,,,,,,,,,,,1,,,js,js,F,22
H1,ESI21,pas,,,,,,1,,non,ot,ot,non,,,,,1,,,1,,,,,,,,,tt,1X,,,,1,,,,,,,,,,,,,js,tt,F,23
H1,ESI22,pas,,,,,,1,,non,osp,non,non,,,,1,,,,,,,,,,,,,js,1X,,,,,,,,,,,,,,,1,,NA,NA,F,20
H1,ESI23,pas,,,,,,1,,NR,ot,NR,NR,,,,1,,,,,,1,,,,,,,js,sv,,,,,,,,,,,,,,,1,,NA,NA,H,30
H1,ESI24,pas,,,,,,1,,non,ot,non,ot,,,,1,,,,,,,,1,,,,,sv,qqf,,,,,,,,,,,,1,,,,,js,js,F,29
H1,ESI25,pas,1,1,,,,,,NR,ot,NR,ot,1,1,,,,,,,,,,,,,,,qqf,qqf,1,1,,,,,,,,1,1,1,,,,,tt,tt,F,21
H1,ESI26,pas,1,,,,,,,non,ot,ot,non,,,,,,,,,,,,1,,,,,js,1X,,,,,,,,,,1,1,,,,,,js,qqf,F,21
H1,ESI27,pas,1,,,,,1,,non,ot,non,ot,,,,1,,,,,,,,1,,,,,js,qqf,,,,,,,1,,,1,,,,,,,js,qqf,F,21
H1,ESI28,ordi,,1,,,,,,non,ot,ot,non,1,,,1,,,,,,,,1,,,,,1X,qqf,,,,,,,,,,,,,notercours,,,,tt,1X,F,21
H1,ESI29,pas,,,,,,1,,non,osp,non,non,,,,,,,,,,,,,,1,,,js,js,,,,,,,,,,,,,,,1,,NA,NA,F,20
H1,ESI30,papier,,,,,,1,,non,ot,non,non,,,,1,,,,,,,,,,,,,js,qqf,,,,,,,,,,,,,,1,1,,NA,NA,F,19
H1,ESI31,ordi,,,,,,1,,non,ot,non,ot,,,,,,,,,,,,,,1,1,,NA,NA,,,,,,,,,,,1,,,,,,tt,js,F,20
H1,ESI32,pas,,,,,,1,,non,osp,non,ot,,,,,,,,,,,,,,1,,,js,js,,,,,,,,,,,,1,,,,,sv,sv,H,21
H1,ESI33,pas,,,,,,1,,NR,NR,NR,ot,1,1,,1,,,,,,,,,,,,,qqf,qqf,,,,,,,,,,,,,,1,,,js,js,H,21
H1,ESI34,ordi,1,,,,,,,NR,ot,NR,ot,,1,,1,,,,,,,,,,,,,js,sv,,,,,,,,,,,1,1,,,,,tt,qqf,F,21
H1,ESI35,X,1,,,,,,,NR,NR,ot,NR,,1,,1,,,,,,,,1,,,,,1X,1X,,,,,,,,,,1,,1,,,,,qqf,js,F,22
H1,ESI36,ordi,1,,,,,,,non,ot,non,ot,,1,,1,,,,,,,,,,,,,js,sv,,,,,,,,,,,1,,,,,,tt,js,F,20
H1,ESI37,ordi,,,,,1,,ppt,non,ot,non,ot,,,,1,,,,,,,,1,,,,,js,qqf,,,,,,,,,,,1,,,,,,tt,js,F,19
H1,ESI38,pas,,,,,,1,,osp,osp,ot,ot,,,,,,,,,,1,,1,,,,,js,1X,,,,,,,,,,,1,,,,,,1X,qqf,F,24
H1,ESI39,pas,,,,,,1,,osp,osp,ot,non,,,,,,,,,,,,,,1,1,,NA,NA,,1, ,,,,,,,,,,,,,,qqf,sv,F,21
H1,ESI40,ordi,,,,,,1,,non,ot,non,ot,,,,,,,,1,,,,1,,,,,js,sv,,,1,,,,,,,,1,,,,,,sv,sv,F,19
H1,ESI41,pas,1,,,,,,,NR,NR,NR,ot,,1,,1,,,,,,1,,1,,,,,1X,qqf,,,,,1,,,,,,,,,,,,js,1X,H,20
H1,ESI42,papier,,,,,,1,,non,ot,non,non,,,,,,,,,,1,,1,,,,,qqf,1X,,,,,,,,,,,,,,1,,,js,js,H,22
H1,ESI43,pas,,,,,,1,,NR,NR,NR,ot,,,,,,,,,,,,,,1,,,js,js,,,,,,,,,,1,,,,,,,js,js,H,21
H1,ESI44,ordi,,,,,,1,,NR,osp,NR,ot,,,,1,,,,,,,,,,,,,js,qqf,,,,,,,,,,,,,lire,,,,qqf,sv,F,21
H1,ESI45,pas,,,,,,1,,non,osp,non,ot,,1,,,,,,,,1,,,,,,,js,qqf,,,,,,,,,,1,,,,,,,1X,sv,F,25
H1,ESI46,papier,,,,,,1,,non,ot,non,non,,1,,,,,,,,,,,,,,,js,1X,,,,,,,,,,,,,,,1,,NA,NA,F,20
H1,ESI47,pas,,,,,,1,,non,ot,non,ot,,,,,,,,,,1,,1,,,,,js,sv,,,,,,,,,,,,,,1,,,js,sv,F,35
H1,ESI48,pas,,,,,,1,,NR,ot,ot,NR,,,,,,,,,,,,,,1,1,,NA,NA,,,,,,,,,,,,,,1,1,,NA,NA,H,21
H1,ESI49,pas,,,,,,1,,non,ot,ot,non,,,,,1,,,,,,,1,,,,,js,qqf,,,,,,,,,,,,,,1,,,js,qqf,F,22
H1,ESI50,pas,,,,,,1,,non,ot,non,ot,,,,,,,,,,,,1,,,,,js,qqf,,,,,,,,,,,,,,1,,,js,js,F,22
H1,ESI51,papier,1,,,,,,,non,ot,non,non,,1,,1,,,,,,,,,,,,,js,tt,,,,,,,,,,,,,,,1,,NA,NA,F,20
H1,ESI52,papier,,,,,,1,,non,ot,non,non,,,,,1,,,1,,1,,1,,,,,js,sv,,,,,,,,,,,,,,,1,,NA,NA,F,20
H1,ESI53,X,,,,,,1,,ot,non,non,ot,,,,,,,,,,,,,,1,,,js,js,,,,,,,,,,,,,notercours,,,,tt,js,F,42
H1,ESI54,pas,,,,,,1,,NR,ot,NR,ot,,,,,,,,,,,,,,1,,,js,js,,1,,,,,,,,,,,,,,,js,tt,F,30
H1,ESI55,pas,1,,,,,,,ot,NR,NR,ot,1,,,,,,,,,,,,,,,,1X,js,,,,,,,,,,1,,,,,,,tt,js,F,35
H1,ESI56,ordi,,1,,,,,,NR,ot,NR,ot,1,,,,,,,,,,,,,,,,1X,js,1,,,,,,,,,,,,,,,,sv,js,F,38
C1,ESI1,ordi,,,,,,1,,non,ot,non,ot,,,,,,,,,,,,1,,,,,js,1X,,,,,,,,,,,,1,,,,,js,js,NA,NA
C1,ESI2,ordi,,,,,,1,,NR,osp,NR,ot,,,,1,,,,,,,,1,,,,,1X,1X,,,,,,,,,,,,,,,1,,NA,NA,F,19
C1,ESI3,papier,,,,1,,,,non,osp,non,non,,,,,,,,,,,,,,1,,,js,js,,,,,,,,,,,,,,1,1,,NA,NA,F,21
C1,ESI4,papier,,,,,,1,,non,osp,non,non,,,,,,,,,,,,,,1,,,js,js,,,,,,,,,,,,,,,1,,NA,NA,F,22
C1,ESI5,papier,1,,,,,,,non,osp,non,non,,,,,1,,,,,,,,,,,,js,qqf,,,,,,,,,,,,,,,1,,NA,NA,F,21
C1,ESI6,papier,1,,,,,,,non,osp,non,non,,,,1,,,,,,,,,,,,,1X,js,,,,,,,,,,,,,,,1,,NA,NA,F,20
C1,ESI7,papier,1,,,,,,,non,osp,non,osp,,,,1,,,,,,,,,,,,,js,qqf,,,,,,,,,,,,,,,1,,NA,NA,F,20
C1,ESI8,ordi,1,,,,,,,non,ot,non,ot,,1,,1,1,,,,,1,,1,,,,,js,qqf,,,,,,,,,,,,,notercours,,,,sv,js,F,20
C1,ESI9,pas,,,,,,1,,non,osp,non,non,,,,,,,,,,,,,reg-heure,,,,js,qqf,,,,,,,,,,,,,,,1,,NA,NA,H,23
C1,ESI10,papier,1,,,,,,,non,non,non,non,,,,,,,,,,,,,,,1,,NA,NA,,,,,,,,,,,,,,,1,,NA,NA,F,20
C1,ESI11,ordi,1,,,,,,,osp,osp,NR,ot,,,,,,,,,,,,,,1,1,,NA,NA,,,,,,,,,,,1,,,,,,sv,js,F,21
C1,ESI12,pas,1,,,,,,,osp,NR,non,non,,,,1,,,,,,,,,,,,,qqf,js,,,,,,,,,,,,,,,1,,NA,NA,F,21
C1,ESI13,pas,1,,,,,,,non,non,non,non,,,,,,,,,,,,,,,1,,NA,NA,,,,,,,,,,,,,,,1,,NA,NA,F,21
C1,ESI14,papier,,1,,1,,,,non,ot,non,non,,1,,1,,,,,,,,,,,,,js,sv,,,,,,,,,,,,,,1,,,js,js,F,22
C1,ESI15,pas,,1,,1,,,,NR,osp,NR,NR,,,,1,,,,,,,,,,,,,js,js,,,,,,,,,,,,,,,1,,NA,NA,F,21
C1,ESI16,papier,1,,,,,,,non,osp,non,non,,,,,,,,,,,,,,1,1,,NA,NA,,,,,,,,,,,,,,,1,,NA,NA,F,25
C1,ESI17,ordi,1,,,,,,,non,osp,NR,NR,,,,,,,,,,,,,,1,,,js,js,,,,,,,,,,,,,,1,,,js,js,F,22
C1,ESI18,ordi,,,,,,1,,non,osp,non,ot,,,,1,,,,,,1,,,,,,,qqf,qqf,,,,,,,,,,,,,,,,1,nvp,nvp,H,40
C1,ESI19,ordi,1,,,,1,,qt_int,osp,non,ot,non,,,,1,,,,,,,,,,,,,1X,1X,,,,,,,,,,,,,notercours,,,,tt,tt,F,20
C1,ESI20,X,1,,,,,,,NR,osp,NR,ot,,,,,,,,,,1,,,,,,,1X,1X,,,,,,,,,,,,,notercours,,,,tt,tt,F,20
C1,ESI21,X,1,1,,,,,,non,osp,non,ot,,,,,,,,,,,,,,1,1,,NA,NA,,,,,,,,,,,1,1,,,,,1X,js,F,19
C1,ESI22,pas,,,,,,1,,osp,osp,non,non,,,,,,,,,,,,,,1,,,js,js,,,,,,,,,,,,,,1,,,js,js,F,36
C1,ESI23,pas,1,,,,,,,non,ot,non,osp,,,,1,,,,,,1,,1,,,,,qqf,qqf,,,,,,,,,,,,,,,1,,NA,NA,H,23
C1,ESI24,ordi,,,,,,1,,NR,ot,NR,ot,,,1,1,1,,,,,,,1,,,,,qqf,qqf,,,,,,,,,,,1,1,,,,,sv,sv,F,20
C1,ESI25,pas,1,1,,1,,,,non,osp,non,ot,,,,,,,,,,,,,,1,,,nvp,nvp,,,,,,,,,,,1,,,,,,tt,jnsp,H,23
C1,ESI26,pas,1,,,,,,,non,osp,non,osp,,,,,,,,,,,,,,1,,,js,js,,,,,,,,,,,,,,1,,,js,js,F,21
C1,ESI27,papier,,,,,,1,,non,ot,non,non,NR,NR,NR,NR,NR,NR,NR,NR,NR,NR,NR,NR,NR,NR,NR,NR,NR,NR,NR,NR,NR,NR,NR,NR,NR,NR,NR,NR,NR,NR,NR,NR,NR,NR,NR,NR,NA,NA
C1,ESI28,pas,1,,,,,,,non,ot,non,non,,,,1,,,,,,,,1,,,,,js,qqf,,,,,,,,,,,,,,,1,,NA,NA,F,20
C1,ESI29,papier,,,1,,,,,non,ot,non,non,,1,,1,1,,,,,,,,,,,,js,js,,,,,,,,,,,,,,1,,,js,js,NA,NA
C1,ESI30,pas,1,,,,,,,ot,NR,ot,ot,,,,1,,,,,,1,,,,,,,tt,tt,,,,,,,,1,1,,,,,,,,tt,tt,H,22
C1,ESI31,papier,1,,,,,,,ot,NR,ot,ot,,,,1,,,,,,1,,,,,,,tt,tt,,,,,,,,1,1,,,,,,,,js,tt,H,30
C1,ESI32,papier,,,,,,1,,non,non,non,non,,,,,,,,,,,,,,1,1,,NA,NA,,,,,,,,,,,,,,1,1,,NA,NA,F,19
C1,ESI33,ordi,1,,,,,,,non,ot,non,ot,,,,,,,,,,,,,,,,1,nvp,nvp,,,,,,,,,,,,,,,,1,nvp,nvp,F,20
C1,ESI34,pas,,,,,,1,,osp,osp,NR,NR,,,,,,,,,,,,,,1,1,,NA,NA,,,,,,,,,,,,,,1,1,,NA,NA,F,20
C1,ESI35,pas,,,,,,1,,non,non,non,ot,,,,,,,,,,,,,,1,,,js,js,1,,,,,,,,,,,,,,,,tt,js,H,19
C1,ESI36,pas,1,,,,,,,non,ot,non,non,,1,,1,1,,,1,1,1,1,,,,,,1X,1X,,,,,,,,,,,,,,,1,,NA,NA,F,20
C1,ESI37,pas,,,,,,1,,non,osp,non,non,,,,,,,,,,,,,,1,,,js,js,,,,,,,,,,,,,,,1,,NA,NA,F,20
C1,ESI38,pas,,,,,,1,,osp,osp,non,non,,,,1,,,,,,1,,,,,,,1X,1X,,,,,,,,,,,,,,1,,,js,js,F,20
C1,ESI39,papier,1,,,,,,,osp,osp,NR,NR,,,,,,,,,,,,,,1,,,js,js,,,,,,,,,,,,,,1,1,,js,js,F,21
C1,ESI40,papier,1,,,,,,,non,osp,non,non,,,,,,,,,,,,,,1,,,js,js,,,,,,,,,,,,,,,1,,NA,NA,F,21
C1,ESI41,papier,1,,,,,,,non,osp,non,non,,,,1,,,,,,1,,1,,,,,qqf,qqf,,,,,,,,,,,,,,,1,,NA,NA,F,19
C1,ESI42,pas,1,,,,,,,non,osp,non,ot,,1,,1,,,,1,,,,,,,,,js,qqf,,,,,,,,,,,1,,reg-photos,,,,qqf,qqf,F,20
C1,ESI43,ordi,,,,,,1,,non,osp,ot,non,,,,,,,,,,,,,,1,,,NR,NR,,,,,,,,,,,1,,,,,,tt,js,F,21
C1,ESI44,ordi,,,,,,1,,non,osp,non,ot,,,,,,,,,,,,,,1,,,NR,NR,,,,,,,,,,,1,,,,,,tt,js,F,20
C1,ESI45,papier,1,,,,,,,NR,osp,NR,NR,,,,,,,,,,,,,reg-heure,,,,js,qqf,,,,,,,,,,,,,,1,1,,NA,NA,F,21
C1,ESI46,papier,1,,,,,,,NR,osp,NR,NR,,,,,,,,,,,,,,1,,,NR,NR,,,,,,,,,,,,,,1,,,NR,NR,F,21
C1,ESI47,papier,,,,,,1,,osp,NR,NR,NR,,,,,,,,,,,,,,1,,,js,js,,,,,,,,,,,,,,,1,,NA,NA,F,26
C1,ESI48,papier,1,,,,,,,osp,non,non,non,,,,1,,,,,,,,,,,,,js,qqf,,,,,,,,,,,,,,,1,,NA,NA,F,24
C1,ESI49,ordi,1,,,,,,,non,osp,non,ot,,,,,,,,,,,,,,1,,,js,js,,,,,,,,,,,1,,,,,,sv,js,F,21
C1,ESI50,ordi,1,,,,,,,non,osp,ot,non,,,,1,,,,1,,,,,,,,,js,qqf,,,,,,,,,,,1,,,,,,sv,js,F,20
C1,ESI51,papier,,,,,,1,,non,osp,osp,non,,,,,,,,,,,,,,1,,,js,js,,,,,,,,,,,,,,1,,,js,js,F,26
C1,ESI52,ordi,1,,,,,,,non,non,non,ot,,,,,,,,,,,,,,1,,,js,js,,,,,,,,,,1,1,,,,,,tt,qqf,F,22
C1,ESI53,ordi,,,,,,1,,non,non,non,ot,,,,,,,,,,,,,,,1,,NA,NA,,,,,,,,,,,1,,,,,,qqf,js,F,22
C1,ESI54,papier,,,,,,1,,NR,osp,non,non,,,,,,,,,,,,,,1,,,js,js,,,,,,,,,,,,,,1,,,js,js,F,20
C1,ESI55,papier,,,,,,1,,NR,osp,NR,NR,,,,,,,,,,,,,,1,,,js,js,,,,,,,,,,,,,,1,,,js,js,F,40
C1,ESI56,papier,1,,,,,,,NR,osp,NR,NR,,,,,,,,,,,,,,1,,,NR,NR,,,,,,,,,,,,,,1,,,NR,NR,F,20
C1,ESI57,papier,1,,,1,,,,non,osp,non,non,,,,,,,,,,,,,,1,,,js,js,,,,,,,,,,,,,,1,,,js,js,F,36
C1,ESI58,papier,1,,,,,,,NR,osp,NR,NR,1,,,1,,,,,,,,,,,,,qqf,1X,,,,,,,1,,,,,,,,,,1X,1X,F,32
C1,ESI59,papier,1,,,,,,,non,osp,NR,NR,,,,,,,,,,,,,,1,,,js,js,,,,,,,,,,,,,,,1,,NA,NA,F,34
C1,ESI60,papier,1,1,,,,,,non,ot,NR,NR,,1,,1,,,,,,,,,,,,,qqf,qqf,,,,,,,,,,,,,,,1,,NA,NA,H,31
C1,ESI61,pas,1,,,,,,,NR,osp,NR,ot,,,,1,,,,1,,,,,,,,,qqf,qqf,,,,,,,,,1,,1,,,,,,tt,qqf,F,21
C1,ESI62,ordi,,,,,,1,,non,non,non,ot,,,,1,,,,,,1,,,,,,,js,qqf,NR,NR,NR,NR,NR,NR,NR,NR,NR,NR,NR,NR,NR,NR,NR,NR,js,js,F,20
C1,ESI63,papier,1,,,,1,,qt_int,non,non,non,non,,,,,,,,,,,,,,1,,,js,qqf,,,,,,,,,,,,,,,1,,NA,NA,F,25
C1,ESI64,papier,1,,,,,,,non,osp,non,non,,,,,,,,,,,,,,1,,,js,js,,,,,,,,,,,,,,1,,,js,js,F,20
C1,ESI65,papier,1,,,,,,,osp,osp,non,non,,,,,,,,,,,,,,1,,,js,js,,,,,,,,,,,,,,,1,,NA,NA,F,20
C1,ESI66,papier,1,,,,,,,NR,osp,non,non,,,,1,,,,,,,,,,,,,js,1X,,,,,,,,,,,,,,,1,,NA,NA,F,20
C1,ESI67,papier,1,,,,,,,non,non,non,non,,,,,,,,,,,,,,,1,,NA,NA,,,,,,,,,,,,,,,1,,NA,NA,F,19
C1,ESI68,ordi,,,,,,1,,NR,osp,NR,ot,,,,,,,,,,,,,,1,,,js,1X,,,,,,,,,,,1,,,,,,tt,1X,F,22
C1,ESI69,ordi,,,,,1,,qt_int,non,non,non,ot,,,,,,,,,,,,,,1,,,js,js,,,,,,,,,,,1,,,,,,tt,js,F,23
C1,ESI70,papier,1,,,,,,,osp,osp,non,non,,,,,,,,,,,,,,1,,,js,js,,,,,,,,,,,,,,1,,,js,js,F,21
C1,ESI71,papier,1,,,,,,,non,osp,non,non,,,,1,,,,1,,,,,,,,,js,qqf,,,,,,,,,,,,,,,1,,NA,NA,F,19
C1,ESI72,papier,1,,,,,,,non,osp,non,non,,,,,,,,,,,,,,1,,,js,1X,,,,,,,,,,,,,,,1,,NA,NA,F,21
C1,ESI73,papier,,1,,,,,,NR,ot,NR,NR,1,,,1,,,,,,,,,,,,,qqf,qqf,1,,,,,,1,,,,,,,,,,tt,qqf,F,24
C1,ESI74,pas,1,,,,,,,ot,ot,ot,osp,,,,1,1,,,1,,,,1,,,,,qqf,qqf,,,,,,,,,,,1,,,,,,js,qqf,F,20
C1,ESI75,X,1,,,,,,,ot,ot,non,ot,1,1,,1,,,,1,1,,,1,,,,,1X,sv,,,,,,,,,,,1,1,,,,,js,js,F,21
C1,ESI76,X,,,,,1,,anciencours,non,osp,ot,non,,,,,,,,,,,,,,1,,,NR,NR,,,,1,,,,,,1,1,1,,,,,tt,qqf,F,21
C1,ESI77,pas,,,,,1,,ppt,non,osp,ot,non,,,,,,,,,,,,,,1,,,NR,NR,,,,,,,,,,,1,,,,,,tt,tt,F,20
C1,ESI78,papier,1,,,,,,,osp,non,non,non,1,,,,,,,,,,,1,,,,,1X,1X,,,,,,,,,,,,,,1,,,js,js,F,23
C1,ESI79,ordi,,,,,,1,,non,ot,non,ot,,1,,1,1,,,1,,1,,1,,,,,js,qqf,,,,,,,,,,,,,,1,1,,NR,NR,F,21
C1,ESI80,papier,1,,,,,,,non,non,non,non,,,,1,,,,,,,,,,,,,js,1X,,,,,,,,,,,,,,,1,,NA,NA,F,21
C1,ESI81,ordi,,,,,,1,,non,osp,non,ot,1,,,1,,,,,,,,,,,,,qqf,qqf,1,,,,,,,,,,1,,,,,,js,js,F,22
C1,ESI82,ordi,1,,,,,,,NR,NR,NR,ot,,,,,,,,,,,,,,1,,,1X,nvp,,,,,,,,,,,,,,,,1,nvp,nvp,F,19
C1,ESI83,pas,1,,,,,,,non,osp,non,non,,,,,,,,,,,,,reg-heure,,,,js,qqf,,,,,,,,,,,,,,,1,,NA,NA,F,22
C1,ESI84,pas,,,,,,1,,non,non,non,ot,,,,,,,,,,,,,,1,,,js,js,,,,,,,,,,,,,,1,,,js,js,F,20
C1,ESI85,ordi,1,,,,,,,non,osp,non,ot,,,,,,,,,,,,,,1,,,js,js,,,,,,,,,,,1,,,,,,tt,js,F,32
C1,ESI86,papier,,,,1,,,,non,non,non,non,,,,,,,,,,,,,,1,,,js,js,,,,,,,,,,,,,,1,,,js,js,F,20
C1,ESI87,papier,,,,,,1,,non,non,non,non,,,,,,,,,,,,,,1,,,js,js,,,,,,,,,,,,,,,1,,NA,NA,F,37
C1,ESI88,X,1,1,,,,,,ot,ot,ot,ot,1,,,,,,,,,,,,,,,,jnsp,js,,,,,,,,,,,,,,1,,,tt,js,F,22
C1,ESI89,papier,,,,,,1,,osp,non,non,non,,,,,,,,,,,,,,1,,,js,js,,,,,,,,,,,,,,,1,,NA,NA,F,24
C1,ESI90,papier,,1,,1,,,,non,osp,non,non,,,,,,,,,,,,,,1,,,NR,NR,,,,,,,,,,,,,,,1,,NA,NA,F,24
C1,ESI91,papier,,,,,,1,,NR,osp,NR,NR,,,,,,,,,,,,,,1,,,js,js,,,,,,,,,,,,,,,1,,NA,NA,F,27
C1,ESI92,papier,1,,,1,,,,non,osp,non,non,,,,,,,,,,,,1,,,,,js,1X,,,,,,,,,,,,,,,1,,NA,NA,F,28
C1,ESI93,papier,,1,,1,,,,non,non,non,non,,,,1,,,,,,,,,,,,,1X,js,,,,,,,,,,,,,,,1,,NA,NA,F,27
C1,ESI94,ordi,,,,,,1,,non,osp,non,ot,,,,1,,,,,,,,,,,,,js,qqf,,,,,,,,,,,,,,1,,,tt,qqf,F,23
C1,ESI95,pas,,,,,,1,,non,osp,non,osp,,,,,,,,,,,,,,1,,,js,js,,,,,,,,,,,,,,1,,,js,js,F,20
C1,ESI96,pas,,,,,,1,,non,osp,non,non,,,,1,,,,,,,,,,,,,qqf,jnsp,,,,,,,,,,,,,,,1,,NA,NA,F,19
C1,ESI97,papier,,,,,1,,ppt,non,ot,non,non,,,,1,,,,,,,,,,,,,js,1X,,,,,,,,,,,,,,,1,,NA,NA,F,20
C1,ESI98,ordi,,,,,,1,,osp,non,ot,non,,,,,,,,,,1,1,,,,,,js,js,,,,,,,,,,,1,,,,,,tt,qqf,F,22
C1,ESI99,pas,1,,,,,1,,NR,osp,non,non,,,,1,,,,,,,,,,,,,js,1X,,,,,,,,,,,,,,,1,,NA,NA,F,26
C1,ESI100,pas,1,,,,,1,,non,non,non,non,,,,,,,,,,,,,,,,1,js,js,,,,,,,,,,,,,,,1,,NA,NA,F,25
C1,ESI101,papier,1,,,,,,,non,non,non,non,,,,,,,,,,,,,,,1,,NA,NA,,,,,,,,,,,,,,,1,,NA,NA,F,41
C1,ESI102,papier,1,1,,,,,,non,ot,non,non,1,,,,,,,,,,,,,,,,1X,js,,,,,,,,,,,,,,1,,,NR,NR,F,19
C1,ESI103,papier,,,,,,1,,non,osp,non,non,,,,,,,,,,,,,,1,,,js,js,,,,,,,,,,,,,,1,,,js,js,F,28
C1,ESI104,ordi,1,,,,,,,NR,NR,ot,NR,,,,,,,,,,,,,,1,,,js,js,,,,,,,,,,,1,,,,,,tt,js,F,30
C1,ESI105,ordi,,,,,,1,,non,osp,non,non,,,,,,,,,,,,,,1,,,js,js,,,,,,,,,,,1,,,,,,tt,js,F,19
C1,ESI106,pas,,,,,,1,,non,osp,non,non,,,,,,,,,,,,,,1,1,,js,js,,,,,,,,,,,,,,1,1,,js,js,F,20
C1,ESI107,pas,,,,,,1,,osp,non,non,non,,,,,,,,,,,,,,1,,,1X,js,,,,,,,,,,,,,,,1,,NA,NA,F,21
C1,ESI108,pas,,,,,,1,,osp,non,non,non,,,,,,,,,,,,,,1,,,js,js,,,,,,,,,,,,,,,1,,NA,NA,F,23
C1,ESI109,ordi,,,,,,1,,non,osp,non,ot,,,,,,,,,,,,,,1,,,js,js,,,,,,,,,,,,,,,,1,tt,js,F,19
C1,ESI110,papier,1,,,,,,,non,non,non,non,,,,,,,,,,,,,,1,,,js,js,,,,,,,,,,,,,,1,1,,NA,NA,F,42
C1,ESI111,pas,,1,,,,,,non,non,non,ot,,,,,,,,,,,,,,1,1,,js,js,,,,,,,,,,,1,,,,,,qqf,qqf,F,39
C1,ESI112,papier,1,,,,,,,NR,osp,NR,NR,,,,,,,,,,,,,,1,,,js,NR,,,,,,,,,,,,,,1,,,NA,NA,F,24
C1,ESI113,pas,,,,,,1,,NR,osp,NR,NR,,,,1,,,,,,,,,,,,,qqf,qqf,,,,,,,,,,,,,,1,,,js,js,F,20
C1,ESI114,papier,,,,,,1,,non,non,non,non,,,,,,,,,,,,,,1,,,js,js,,,,,,,,,,,,,,,1,,NA,NA,H,34
C1,ESI115,papier,1,,,,,1,,non,non,non,non,,,,,,,,,,,,,,,1,,NA,NA,,,,,,,,,,,,,,,1,,NA,NA,F,34
C1,ESI116,papier,1,,,,,,,non,non,non,npn,,,,,,,,,,,,,,1,1,,NA,NA,,,,,,,,,,,,,,,1,,NA,NA,F,37
C1,ESI117,papier,1,,,,,,,non,non,non,non,,,,,,,,,,,,,,1,,,js,js,,,,,,,,,,,,,,1,,,js,js,F,32
C1,ESI118,pas,,,,,,1,,non,non,non,non,,,,,,,,,,,,,,1,,,1X,qqf,,,,,,,,,,,,,,1,,,js,js,F,30
C1,ESI119,ordi,,,,,,1,,osp,NR,NR,ot,,,,,,,,,,,,,,1,,,js,js,,,,,,,,,,,1,,,,,,tt,js,F,22
C1,ESI120,ordi,1,,,,,,,non,osp,non,ot,,,,1,,,,,,1,,1,,,,,js,qqf,,,,,,,,,,,1,,ppt,,,,tt,js,F,19
M1,ESI1,papier,,,,,1,,ech_fo,ot,non,non,non,,,,,,,,,,,1,,reg-heure,,,,js,1X,,,,,,,,,,,,,,,1,,NA,NA,F,21
M1,ESI2,papier,,,,,,1,,non,ot,non,non,,,,1,,,,,,,,,,,,,js,1X,,,,,,,,,,,,,,,1,,NA,NA,F,26
M1,ESI3,X,1,,,,,,,NR,ot,NR,ot,,,,1,1,,,,1,1,,,,,,,qqf,sv,,,,,,,1,,,,,,,,,,sv,qqf,F,21
M1,ESI4,papier,1,,,,,1,,non,osp,non,non,1,,,1,,,,,,,,,,1,,,1X,qqf,,,,,,,,,,,,,,1,1,,NA,NA,F,20
M1,ESI5,papier,1,,,,,,,NR,ot,NR,NR,,,,1,,,,,,,,,,,,,js,1X,,,,,,,,,,,,,,,1,,NA,NA,F,22
M1,ESI6,papier,1,,,,,,,non,ot,non,non,,,,1,,,,,,,,,,,,,js,1X,,,,,,,,,,,,,,1,1,,NA,NA,F,18
M1,ESI7,ordi,1,,,,,,,non,ot,ot,non,,,,1,,,,,,,,,,,,,qqf,qqf,1,,,,,,,,,,1,,,,,,tt,js,F,21
M1,ESI8,papier,1,,,,,,,non,ot,non,non,,,,1,,,,1,,,1,1,,,,,js,sv,,,,,,,,,,,,,,1,,,js,js,F,20
M1,ESI9,pas,,,,,,1,,non,ot,non,ot,,1,,1,,,,,,,,,,,,,js,qqf,,,,,,,,,,,,,,,1,,NA,NA,H,18
M1,ESI10,X,,,,,,1,,non,ot,non,ot,,,,1,,,,,,,,,,,,,1X,js,,,,,,,,,,,1,,,,,,tt,js,F,19
M1,ESI11,papier,,,,,,1,,NR,osp,NR,NR,1,,,1,,,,,,,,,,,,,1X,1X,,,,,,,,,,,,,,1,,,js,js,F,26
M1,ESI12,papier,1,,,,,,,non,ot,non,non,,,,1,1,,,,,1,,,,,,,qqf,sv,,,,,,,,,,,,,,,1,,NA,NA,F,21
M1,ESI13,X,1,,,,,,,non,ot,non,ot,,,,1,1,,,,,,,,,,,,qqf,qqf,,,,,,,,,,,1,,,,,,sv,js,F,18
M1,ESI14,X,1,,,,,,,non,ot,non,ot,,,,1,,,,,,,,,,,,,js,qqf,,1,,,,,,,,,,,Lemotiv,,,,js,tt,F,18
M1,ESI15,papier,1,,,,,,,NR,ot,NR,NR,,,,1,,,,,,,,1,,,,,qqf,qqf,,,,,,,,,,,,,,1,,,js,js,F,20
M1,ESI16,papier,1,,,,,,,NR,ot,NR,NR,,1,,1,1,,,,,,,1,,,,,qqf,qqf,,,,,,,,,,,,,,,1,,NA,NA,F,20
M1,ESI17,papier,1,,,,,,,NR,ot,NR,NR,,,,1,1,,,1,,,,1,,,,,qqf,sv,,,,,,,,,,,,,,1,1,,NA,NA,F,20
M1,ESI18,X,1,,,,,,,osp,non,non,ot,,,,,,,,,,,,,,1,,,js,js,,,,,,,,,,,1,,,,,,sv,js,F,45
M1,ESI19,X,1,,,,,,,non,non,non,ot,,,,,,,,,,,,,,1,,,js,js,,,,,,,,,,,1,,,,,,sv,js,F,23
M1,ESI20,X,1,,,,,,,non,osp,non,ot,,,,,,,,,,,,,,1,,,js,js,,,,,,,,,,,1,,,,,,tt,js,F,25
M1,ESI21,ordi,,,,,,1,,non,osp,non,ot,,,,,,,,,,,,,,1,,,js,js,,,,,,,,,,,,,notercours,,,,tt,js,F,25
M1,ESI22,papier,1,,,,,1,,NR,ot,NR,NR,,,,1,1,,,1,,,1,1,,,,,qqf,sv,,,,,,,,,,,,,,,1,,qqf,js,F,20
M1,ESI23,X,,,,,,1,,ot,ot,NR,non,,1,,1,1,,,,,,,1,,,,,qqf,qqf,,,,,,,,,,,,,,1,,,js,js,F,20
M1,ESI24,X,1,,,,,,,NR,NR,NR,ot,1,,,1,,,,,,,,1,,,,,qqf,qqf,,,,,,,,,,,1,,,,,,tt,qqf,F,27
M1,ESI25,papier,1,,,,,,,non,osp,non,non,,,,1,,,,,,1,,,,,,,js,qqf,,,,,,,,,,,,,,,1,,NA,NA,F,19
M1,ESI26,ordi,1,,,,,,,non,ot,ot,non,,,,1,,,,,,1,,,,,,,js,qqf,,,1,,,,,,,,,,,,,,js,1X,F,18
M1,ESI27,X,,,,,,1,,non,osp,non,ot,,,,,,,,,,,,,,1,,,js,js,,,,,,,,,,,1,,,,,,tt,js,F,22
M1,ESI28,ordi,1,,,,,,,NR,osp,ot,NR,,,,1,,,,,,,,,,,,,qqf,qqf,,1,1,1,,1,1,,1,,1,1,,,,,tt,tt,F,19
M1,ESI29,ordi,1,,,,,,,non,ot,ot,non,1,1,,1,1,,,,,,,,,,,,sv,qqf,,1,1,1,,,1,,,,,,,,,,tt,sv,F,18
M1,ESI30,pas,,,,,,1,,NR,ot,NR,NR,,1,,1,,,,,,,,,,,,,NR,1X,,,,,,,,,,,,,,1,1,,js,NR,H,22
M1,ESI31,papier,1,,,,,,,non,ot,non,non,,1,,,,,,,,,,1,,,,,js,qqf,,,,,,,,,,,,,,,1,,NA,NA,H,31
M1,ESI32,papier,,,,,,1,,non,osp,non,non,,,,,,,,,,,,,reg-heure,,,,js,1X,,,,,,,,,,,,,,1,,,js,js,H,31
M1,ESI33,papier,1,,,,,,,osp,non,non,non,,,,,,,,,,,,,,1,,,js,js,,,,,,,,,,,,,,,1,,NA,NA,H,42
M1,ESI34,papier,,,,,,1,,non,ot,non,non,1,,,1,,,,,,,,,,,,,qqf,qqf,,,,,,,,,,,,,,,1,,NA,NA,F,20
M1,ESI35,X,1,,,,,1,,NR,osp,ot,NR,1,,,,,,,,,,1,,,,,,js,1X,1,,,,,,,,,,1,,,,,,1X,1X,F,21
M1,ESI36,X,1,,,,,1,,non,osp,ot,non,,1,,1,,,,1,,,1,1,,,,,qqf,qqf,1,,,,,,,,,,1,,,,,,sv,qqf,F,20
M1,ESI37,ordi,1,,,,,,,non,osp,osp,ot,,,,1,,,,,,,,,,,,,js,qqf,,,,,,,,,,,1,1,,,,,tt,js,F,20
M1,ESI38,pas,,,,,,1,,non,osp,ot,non,,,,,,,,,,,,,,1,,,js,js,,1,1,1,,1,1,,1,,,,,,,,js,tt,H,23
M1,ESI39,ordi,1,,,,,,,non,osp,non,ot,,,,1,,,,,,,,,,,,,js,1X,,,,,,,,,,,1,,,,,,tt,js,F,19
M1,ESI40,papier,1,,,,,1,,osp,non,non,non,,,,1,,,,,,,,,,,,,qqf,qqf,,,,,,,,,,,,,,,1,,NA,NA,H,19
M1,ESI41,X,1,,,,,,,non,non,non,ot,,,,,,,,,,,,1,,,,,js,1X,,,,,,,,,,,1,,,,,,sv,js,F,18
M1,ESI42,X,1,1,,1,,,,ot,ot,ot,non,1,1,,1,1,,,1,,,1,1,,,,,qqf,qqf,1,,1,1,,,1,,,1,1,1,,,,,sv,qqf,F,27
M1,ESI43,papier,,,,,1,,NR,ot,NR,NR,NR,1,,,,,,,,,,,1,,,,,qqf,qqf,,,,,,,,,,,,,,1,,,js,js,F,26
M1,ESI44,ordi,1,,,,,,,non,ot,non,ot,,,,1,,,,,,,,,,,,,js,qqf,,,,,,,,,,,1,,,,,,js,js,F,19
M1,ESI45,X,1,,,,,,,non,ot,non,ot,,,,,,,,,,,1,,,,,,1X,1X,,,,1,,,,,,,1,,,,,,tt,1X,F,22
M1,ESI46,papier,1,,,,,,,NR,osp,NR,NR,,,,,,,,,,,,,,1,,,js,js,,,,,,,,,,,,,,1,1,,js,js,F,19
M1,ESI47,ordi,,,,,,1,,non,ot,non,ot,,,,1,1,,,,,,,,,,,,js,sv,,,,,,,,,,,,,notercours,,,,js,js,F,18
M1,ESI48,papier,1,,,,,,,non,osp,non,non,,,,,,,,,,,,,,1,,,js,js,,,,,,,,,,,,,,1,1,,NA,NA,F,19
M1,ESI49,X,1,,,,,,,NR,osp,NR,ot,,,,,,,,,,,,,,1,,,js,js,,,,,,,,,,,1,,,,,,tt,js,F,20
M1,ESI50,ordi,1,,,,,,,non,osp,non,ot,,,,1,,,,1,,,,,,,,,js,qqf,,,,,,,,,,,1,,,,,,tt,js,F,21
M1,ESI51,X,1,,,,,,,osp,NR,non,ot,,,,1,,,,,,,,,,,,,js,qqf,,,,,,,,,,,1,,,,,,sv,js,F,18
M1,ESI52,ordi,1,,,,1,,portable,non,osp,non,ot,,,,1,,,,,,,,,,,,,js,qqf,,,,,,,,,,,1,,,,,,tt,js,F,19
M1,ESI53,X,,,,,,1,,non,ot,non,ot,,,,1,,,,,,,,1,,,,,js,qqf,1,,,,,,,,,,1,1,,,,,qqf,js,F,19
M1,ESI54,ordi,,,,,,1,,non,ot,non,ot,,,,1,1,,,1,,1,,,,,,,js,qqf,,,,,,,,,,1,1,,,,,,tt,1X,F,20
M1,ESI55,pas,1,1,1,,,,,non,ot,non,ot,1,,,1,,,1,1,1,,,,,,,,js,tt,1,,1,,,,1,,,,,,,,,,qqf,sv,H,18
M1,ESI56,ordi,1,1,1,,,,,NR,ot,NR,ot,,,,1,1,,,1,1,1,,1,,,,,js,tt,,,1,1,,,1,,,,,,,,,,tt,sv,H,20
M1,ESI57,X,1,,,,,,,non,osp,non,ot,,,,1,,,,,,,,,,,,,qqf,qqf,,,,,,,,,,,1,,,,,,tt,js,F,20
M1,ESI58,papier,1,,,,,,,non,ot,non,non,,,,,,,,,,,,,,1,,,js,js,,,,,,,,,,,,,,,1,,NA,NA,F,19
M1,ESI59,papier,1,,,,,,,non,osp,non,non,,,,1,,,,,,,,,,,,,js,1X,,,,,,,,,,,,,,,1,,NA,NA,F,18
M1,ESI60,papier,1,,,,,,,non,osp,non,non,,,,,,,,,,,,,,1,,,js,js,,,,,,,,,,,,,,,1,,NA,NA,F,18
M1,ESI61,papier,1,,,,,,,non,osp,non,non,,,,,,,,,,1,,,,,,,js,qqf,,,,,,,,,,,,,,,1,,NA,NA,F,18
M1,ESI62,papier,1,,,,,,,non,ot,non,non,,,,,,,,,,,,,,1,,,js,qqf,,,,,,,,,,,,,,,1,,NA,NA,F,18
M1,ESI63,papier,1,,,,,,,non,osp,non,osp,,,,,,,,,,,,,,1,,,js,1X,,,,,,,,,,,,,,1,,,js,js,F,19
M1,ESI64,papier,1,,,,,,,osp,non,non,non,,,,,,,,,,,,,,1,,,js,js,,,,,,,,,,,,,,,1,,NA,NA,F,21
M1,ESI65,papier,1,,,,,,,osp,NR,NR,NR,,,,,,,,,,,,,,1,1,,NR,NR,,,,,,,,,,,,,,,1,,NA,NA,F,19
M1,ESI66,papier,,,,,,1,,osp,non,non,osp,,,,,,,,,,,,,,1,,,js,js,,,,,,,,,,,,,,1,,,js,js,F,20
M1,ESI67,X,1,,,,,,,non,ot,non,ot,,1,,1,,,,,,1,1,,,,,,js,sv,,1,,,,,,,,,1,,,,,,tt,js,F,18
M1,ESI68,ordi,1,,,,,,,non,ot,NR,ot,1,,,1,1,,,,,,1,1,,,,,js,qqf,,,,,,,,,,,1,1,,,,,tt,qqf,F,20
M1,ESI69,pas,1,,,,,,,non,ot,non,ot,,,,1,,,,,,,,,,,,,qqf,qqf,,,,,,,,,,,,,,1,,,js,js,F,19
M1,ESI70,ordi,,,,,,1,,osp,osp,non,ot,,,,,,,,,,,,,,1,,,js,js,,,,,,,,,,,1,,,,,,tt,js,F,20
M1,ESI71,ordi,1,,,,,1,,osp,osp,NR,ot,,,,,,,,,,,,,,1,,,NR,NR,,,,,,,,,,,1,,,,,,tt,js,F,20
M1,ESI72,papier,,,,,,1,,non,osp,non,osp,,,,,,,,,,,,,,1,,,NR,NR,,,,,,,,,,,,,,1,1,,NR,NR,F,19
M1,ESI73,papier,,,,,,1,,NR,osp,NR,NR,,,,1,,,,,,,,1,,,,,js,qqf,,,,,,,,,,,,,,,1,,NA,NA,F,23
M1,ESI74,papier,1,,,,,,,NR,ot,NR,NR,,,,1,1,,,,,,,,,,,,js,qqf,,,,,,,,,,,,,,,1,,NA,NA,F,18
M1,ESI75,papier,1,,,,,,,non,ot,non,non,,,,1,,,,,,,,,,,,,js,qqf,,,,,,,,,,,,,,,1,,NA,NA,F,19
M1,ESI76,papier,1,,,,,,,non,osp,non,non,,,,1,,,,,,,1,1,,,,,js,qqf,,,,,,,,,,,,,,,1,,NA,NA,F,20
M1,ESI77,papier,1,,,,,,,non,ot,non,non,,,,1,,,,,,,,,,,,,qqf,qqf,,,,,,,,,,,,,,,1,,NA,NA,F,20
M1,ESI78,papier,1,,,,,,,non,ot,non,osp,,,,1,,,,,,,,,,,,,1X,sv,,1,1,1,,,1,,1,,,1,,,,,js,js,F,20
M1,ESI79,ordi,,1,,,,,,non,osp,non,ot,,,,,,,,,,,,,,1,,,js,js,1,,,,,,,,,,,,,,,,qqf,js,H,20
M1,ESI80,X,1,,,,,,,non,ot,ot,non,1,1,,1,1,,,1,,,1,,,,,,sv,nvp,1,1,,,,,,,,,,,,,,,sv,js,H,30
M1,ESI81,papier,,,,,,1,,non,non,non,non,1,1,1,1,1,,,1,,,,1,,,,,js,qqf,,,,,,,,,,,,,,,1,,js,js,F,26
M1,ESI82,ordi,,,,,,1,,non,osp,non,ot,,,,,,,,,,,,,,1,1,,NR,NR,,,,1,,,,,,,1,,,,,,tt,qqf,NA,38
M1,ESI83,papier,1,,,,,,,osp,NR,NR,NR,,,,,,,,,,,,,,1,,,js,js,,,,,,,,,,,,,,,1,,NA,NA,F,40
M1,ESI84,ordi,,,,,,1,,non,ot,non,ot,,,,1,,,,,,,,,,,,,js,js,,,,,,,,,,,,,,1,,,qqf,js,F,19
M1,ESI85,ordi,1,1,,,,,,non,ot,non,ot,1,1,,1,1,,,,1,,,,,,,,1X,sv,,,,1,,,,,,,1,,,,,,qqf,qqf,F,25
M1,ESI86,papier,,,,,,1,,non,osp,non,non,,,,,,,,,,,,,,1,,,js,js,,,,,,,,,,,,,,1,,,js,js,F,21
M1,ESI87,ordi,,,,,,1,,non,osp,non,ot,,,,,,,,,,,,,,1,,,js,js,,,,,,,,,,,1,,,,,,tt,js,F,19
M1,ESI88,ordi,,,,,,1,,non,osp,non,ot,,,,,,,,,,,,,,1,,,js,js,,,,1,,,,,,,1,,,,,,tt,qqf,F,20
M1,ESI89,ordi,1,,,,,,,NR,osp,ot,NR,,,,,,,,,,1,1,,,,,,NR,NR,,,,,,,,,1,,1,,shop,,,,js,sv,F,20
M1,ESI90,X,,,,,,1,,non,osp,non,ot,,,,,,,,,,,,1,,,,,js,1X,,1,,,,,,,,,,,,,,,tt,1X,H,39
M1,ESI91,X,1,,,,1,,Wcom1,non,osp,ot,non,,,,,,,,,,,,,,1,,,js,js,1,1,,1,,,,,,,,,,,,,tt,sv,H,20
M1,ESI92,X,1,,,,,,,non,ot,non,ot,,,,1,,,,,,,,,,,,,js,qqf,,,,,,,,,1,,1,,,,,,sv,1X,H,19
M1,ESI93,X,1,,,,,,,non,osp,non,ot,,,,,,,,,,,,,,1,,,js,js,,,,,,,,,,,,,,1,,,js,js,F,30
M1,ESI94,papier,1,,,,,,,non,osp,NR,NR,,1,,1,1,,,,,,,1,,,,,js,qqf,,,,,,,,,,,,,,,1,,js,js,F,29
M1,ESI95,papier,1,,,,,,,non,ot,non,non,,,,1,,,,,,1,,1,,,,,js,qqf,,,,,,,,,,,,,,,1,,NA,NA,F,18
M1,ESI96,pas,,,,,,1,,ot,non,non,ot,,,,1,,,,,,,,,,,,,sv,qqf,,,,,,,,,,,,,,1,,,js,js,F,20
M1,ESI97,ordi,1,,,,,,,non,ot,non,ot,,,,1,,,,,,,,,,,,,js,1X,,,,,,,,,,,1,,,,,,tt,js,F,24
M1,ESI98,papier,,,,,,1,,osp,non,non,non,,,,,,,,,,,,,,1,,,js,js,,,,,,,,,,,,,,1,,,js,js,F,27
M1,ESI99,papier,1,,,,,,,NR,osp,NR,NR,,,,1,,,,,,,,,,,,,js,qqf,,,,,,,,,,,,,,,1,,NA,NA,F,18
M1,ESI100,X,1,,,,,,,non,osp,non,ot,,,,,,,,,,,,,,1,1,,NR,NR,,,,,,,,,,,1,,,,,,tt,js,F,18
M1,ESI101,papier,,,,,,1,,non,osp,non,non,,,,,,,,,,,,,,1,,,js,js,,,,,,,,,,,,,,,1,,NA,NA,F,20
M1,ESI102,papier,1,1,,,,,,non,ot,non,non,,,,1,,,,1,,,,1,,,,,1X,qqf,,,,,,,,,,,,,,,1,,NA,NA,F,23
M1,ESI103,papier,1,,,,,,,osp,NR,NR,NR,,,,,,,,,,,,,,1,,,js,js,,,,,,,,,,,,,,,1,,NA,NA,F,42
M1,ESI104,papier,1,,,,,,,non,non,non,non,,,,,,,,,,,,,,,1,,NA,NA,,,,,,,,,,,,,,,1,,NA,NA,F,31
M1,ESI105,X,,,,,,1,,non,osp,non,osp,,1,1,1,1,,,1,,,,,,,,,js,sv,,,,,,,,,,,1,,,,,,tt,1X,F,19
M1,ESI106,papier,1,,,,,,,NR,ot,NR,NR,,,,1,,,,,,,,,,,,,js,qqf,,,,,,,,,,,,,,1,,,js,qqf,F,25
M1,ESI107,pas,1,,,,,,,NR,osp,NR,NR,1,,,,,,,1,,,,1,,,,,1X,qqf,,,,,,,,,,,,,,1,,,NR,NR,F,19
M1,ESI108,papier,1,,,,,,,non,ot,non,non,,,,1,,,,,,,,,,,,,js,sv,,,,,,,,,,,,,,,1,,NA,NA,F,19
M1,ESI109,papier,1,,,,,,,NR,osp,NR,NR,,1,,1,,,,,,,,,,,,,js,qqf,,,,,,,,,,,,,,1,,,js,js,F,20
M1,ESI110,papier,1,,,,,,,osp,non,non,non,,,,,,,,,,,,,,1,,,js,js,,,,,,,,,,,,,,,1,,NA,NA,F,NA
M1,ESI111,papier,1,,,,,,,NR,osp,NR,NR,,,,,,,,,,,,,,1,,,js,js,,,,,,,,,,,,,,,1,,NA,NA,F,23
M1,ESI112,ordi,1,,,,,,,non,osp,non,ot,,,,1,,,,,,,,,,,,,js,qqf,,,,,,,,,,,1,,,,,,tt,js,H,25
M1,ESI113,papier,1,,,,,,,ot,ot,non,non,,,,1,,,,,,,,,,,,,js,sv,,,,,,,,,,,,,,,1,,NA,NA,F,19
M1,ESI114,papier,1,,,,,,,non,ot,non,ot,,1,,1,,,,,,,,,,,,,js,qqf,,,,,,,,,,,,,,1,,,js,js,F,18
M1,ESI115,ordi,1,,,,1,,autrecours,non,ot,non,ot,,,,1,,,,,,,,,,,,,js,qqf,,,,1,,,,,,,1,,,,,,tt,js,F,23
M1,ESI116,pas,1,,,,,,,non,ot,non,non,,,,1,,,,1,,1,,,,,,,qqf,sv,,,,,,,,,,,,,,,1,,NA,NA,F,20
M1,ESI117,pas,1,,,,,1,,non,ot,NR,ot,,,,1,,,,1,,,,,,,,,sv,sv,,,,,,,,,,,,,,1,,,js,1X,F,22
M1,ESI118,ordi,1,,,,,,,non,ot,ot,non,,,,1,,,,,,,,,,,,,js,1X,,,,,,,,,,,,,notercours,,,,tt,js,F,19
M1,ESI119,papier,1,,,,,,,non,ot,non,non,,,,,1,,,,,,,,,,,,js,1X,,,,,,,,,,,,,,,1,,NA,NA,F,21
M1,ESI120,pas,1,,,,,,,NR,ot,NR,ot,1,1,,1,1,,,1,,1,,,,,,,sv,sv,,,,,,,,,,,1,,,,,,1X,js,F,19
M1,ESI121,ordi,1,,,,,,,non,osp,ot,non,,,,,,,,,,,,,,1,,,NR,NR,,,,,,,,,,,1,,,,,,tt,qqf,F,20
M1,ESI122,X,1,1,,,,,,osp,osp,ot,non,,,,,,,,,,,,,,1,,,NR,NR,1,1,,,,,,,,1,1,,,,,,tt,qqf,H,21
M1,ESI123,pas,1,,,,,1,,NR,ot,NR,NR,,1,,,1,,,,,,,,,,,,js,qqf,,,,,,,,,,,,,,1,1,,NR,NR,H,20
M1,ESI124,papier,1,,,,,,,non,ot,non,non,1,1,1,1,1,1,1,1,1,1,1,1,,,,,js,qqf,,,,,,,,,,,,,,,1,,NR,NR,H,24
M1,ESI125,papier,1,,,,,,,non,ot,non,non,,,,,,,,,,,,,reg-heure,,,,js,qqf,,,,,,,,,,,,,,1,,,js,js,F,26
M1,ESI126,papier,1,,,,1,,qt_int,non,non,non,non,,,,,,,,,,,,,,1,,,js,js,,,,,,,,,,,,,,1,,,js,NR,F,20
M1,ESI127,papier,1,,,,,,,osp,osp,non,osp,,,,1,,,,,,,,,,,,,js,1X,,,,,,,,,,,,,,1,,,NR,NR,F,20
M1,ESI128,X,,,,,,1,,NR,NR,NR,ot,1,,,,,,,,,,1,,,,,,1X,1X,1,,,,,,,,,,,,,,,,qqf,1X,F,21
M1,ESI129,ordi,,,,,1,,,non,ot,non,ot,,,,1,1,,1,1,,,,,,,,,js,sv,,,,,,,,,,,1,,,,,,qqf,qqf,NA,NA
M1,ESI130,papier,,,,,1,,,non,ot,NR,ot,,,,1,1,,1,1,,1,,,,,,,js,tt,,,,,,,,,1,,,,,,,,js,sv,F,19
M1,ESI131,X,1,,,,,,,non,ot,non,ot,,1,,,1,,,1,,,,,,,,,js,qqf,,1,,1,,,,,1,,1,1,,,,,tt,sv,F,18
M1,ESI132,X,1,,,,,,,NR,ot,NR,ot,,1,,,,,,1,,,,,,,,,js,qqf,,1,,1,,,,,,,1,,,,,,tt,1X,F,20
M1,ESI133,pas,,,,,,1,,NR,ot,NR,NR,,1,,,1,,,,,1,,,,,,,js,tt,,,,,,,,,,,,,,,1,,NA,NA,H,21
M1,ESI134,X,,,,,,1,,NR,osp,NR,ot,,,,1,,,,,,,,1,,,,,qqf,qqf,,,,,,,,,,,1,,,,,,sv,qqf,H,23
M1,ESI135,papier,1,,,,,1,,ot,ot,non,ot,,1,,1,,,,1,,1,,,snapchat,,,,js,qqf,,,,,,,,,1,1,,1,frfiches,,,,js,1X,F,18
M1,ESI136,X,1,,,,,,,non,ot,non,ot,,,,1,1,,,,,,,,,,,,1X,qqf,,,,,,,,,,,,,notercours,,,,tt,js,H,20
M1,ESI137,papier,1,,,,,,,ot,ot,non,osp,,1,,,,,,,,,,,,,,,js,1X,,,,,,,,,,,,,,1,,,js,js,F,21
M1,ESI138,papier,1,,,,,,,osp,non,non,non,,,,,,,,,,,,,reg-heure,,,,js,1X,,,,,,,,,,,,,,,1,,NA,NA,H,22
M1,ESI139,pas,1,,,,,,,non,ot,NR,NR,,,,1,,,,1,,,,,,,,,qqf,qqf,,,,,,,,,,,,,,,1,,NA,NA,F,21
M1,ESI140,pas,,,,,,1,,NR,ot,NR,ot,1,,,1,,,,,,1,,1,,,,,qqf,sv,,,,,,,,,,,,,,1,,,js,js,F,21
M1,ESI141,pas,,,,,,1,,non,non,non,non,,,,,,,,,,,,,,1,,,js,js,,,,,,,,,,,,,,,1,,NA,NA,H,18
M1,ESI142,papier,1,,,,,,,NR,non,NR,NR,,,,,,,,,,1,,,,,,,js,sv,,,1,,,,,,1,,,,,,,,sv,js,F,35
M1,ESI143,papier,1,,,,,,,non,osp,NR,NR,,,,,,,,,,,,,,1,,,js,js,,,,,,,,,,,,,,1,,,js,js,F,19
M1,ESI144,papier,1,,,,,,,osp,NR,ot,NR,,,,,,,,,,,,,,1,,,NR,NR,1,,,,,,,,,,,,,,,,qqf,js,F,38
M1,ESI145,papier,1,,,,,,,NR,ot,non,non,,,,,,,,,,,,,,1,,,NR,NR,,,,,,,,,,,,,,,1,,NA,NA,F,20
M1,ESI146,papier,1,,,,,,,ot,non,non,non,,,,1,,,,,,,,,,,,,js,qqf,,,,,,,,,,,,,,,1,,NA,NA,F,25