,,Q1 ,Q2,,,,,,Q3,,,,Q4,,,,,,,,,,,,,,,,Q5,Q6,Q7,,,,,,,,,,,,,,,,Q8,Q9,Q10,Q11
,,Q1 ,Q2-1,Q2-2,Q2-3,Q2-4,Q2-5,Q2-6,Q3-1tpc,Q3-2sp,Q3-3tab,Q3-4ord,Q4-1,Q4-2,Q4-3,Q4-4,Q4-5,Q4-6,Q4-7,Q4-8,Q4-9,Q4-10,Q4-11,Q4-12,Q4-13,Q4-14,Q4-15,Q4-16,Q5,Q6,Q7-1,Q7-2,Q7-3,Q7-4,Q7-5,Q7-6,Q7-7,Q7-8,Q7-9,Q7-10,Q7-11,Q7-12,Q7-13,Q7-14,Q7-15,Q7-16,Q8,Q9,Q10,Q11
SV1,ESI1,papier,,1,1,,sms,,non,ot,non,non,,1,1,1,1,,,1,,,,,,,,,js,sv,,,,,,,,,,,,,,,1,,NA,NA,F,21
SV1,ESI2,ordi,1,1,1,,,,non,ot,non,ot,1,1,,1,,,,1,,,,,,,,,sv,sv,1,1,,,,,,,,,,,,,,,sv,sv,F,19
SV1,ESI3,papier,1,1,,,,,NR,ot,NR,NR,1,1,,,1,,,,,,,,,,,,qqf,js,1,1,,,,,1,,,,,,,,,,1X,qqf,F,40
SV1,ESI4,ordi,1,,,,,,non,ot,ot,non,,,,1,,,,,,,,,,,,,js,qqf,,,,1,,,,,1,1,,,notercours,,,,qqf,qqf,F,19
SV1,ESI5,X,1,,,,,,non,ot,osp,ot,,,1,1,,,1,,,,1,,,,,,sv,sv,,,,,,,,,,,,,notercours,,,,1X,sv,F,21
SV1,ESI6,pas,,,,,,1,non,ot,non,non,,,,,1,,,,,,,1,,,,,js,1X,,,,,,,,,,,,,,,1,,NA,NA,F,26
SV1,ESI7,papier,,,,,,1,non,ot,non,non,,,,1,,,,,,,1,1,,,,,js,qqf,,,,,,,,,,,,,,,1,,NA,NA,F,20
SV1,ESI8,ordi,,,,,,1,NR,osp,NR,ot,,,,,,,,,,,,,,1,,,js,js,,,,,,,,,,,1,,,,,,sv,js,H,21
SV1,ESI9,papier,1,1,1,,1,,NR,ot,NR,NR,1,1,,1,1,1,,1,,,,1,,,,,qqf,qqf,NR,NR,NR,NR,NR,NR,NR,NR,NR,NR,NR,NR,NR,NR,NR,NR,NR,NR,F,19
SV1,ESI10,papier,1,,,,,,osp,NR,NR,NR,,,,,,,,,,,,,,1,,,NR,NR,NR,NR,NR,NR,NR,NR,NR,NR,NR,NR,NR,NR,NR,NR,NR,NR,NR,NR,F,20
SV1,ESI11,ordi,,1,,,,,non,ot,ot,non,,,,1,,,,,,,,,,,,,js,sv,1,1,,,,,,,,,1,,,,,,tt,1X,F,19
SV1,ESI12,papier,1,,,,,,non,osp,non,non,,,,1,,,,,,,,,reg-heure,,,,js,qqf,,,,,,,,,,,,,,,1,,NA,NA,F,19
SV1,ESI13,pas,1,,,,,,non,ot,non,ot,,,,1,1,,,1,1,,,1,,,,,nvp,sv,,,,,,,,,1,,,,shop,,,,qqf,tt,F,19
SV1,ESI14,papier,1,,,1,,,non,osp,non,non,,,,,,,,,,,,,reg-heure,,,,js,qqf,,,,,,,,,,,,,,,1,,NA,NA,F,19
SV1,ESI15,papier,1,,,,,1,non,osp,non,osp,,,,,,,,,,,,,,,1,,NA,NA,,,,,,,,,,,,,,,1,,NA,NA,F,21
SV1,ESI16,papier,1,,,,,,non,osp,non,non,,,,1,1,,,,,,,,,,,,js,1X,,,,,,,,,,,,,,,1,,NA,NA,F,20
SV1,ESI17,papier,1,,,,,,NR,osp,NR,NR,,,,,1,,,,,,,1,,,,,1X,1X,,,,,,,,,,,,,,,1,,NA,NA,F,19
SV1,ESI18,papier,1,,,,,,NR,osp,NR,NR,,,,,,,,,,,,,,,,1,js,js,,,,,,,,,,,,,,,1,,NA,NA,F,19
SV1,ESI19,papier,1,,,,,,NR,osp,non,non,,,,,,,,,,1,,,,,,,js,js,,,,,,,,,,,,,,,1,,NA,NA,F,19
SV1,ESI20,pas,,,,,,1,non,osp,non,non,,,,1,1,,,,,,,,,,,,js,qqf,,,,,,,,,,,,,,,1,,NA,NA,F,24
SV1,ESI21,papier,1,,,,,,non,osp,non,non,,,,1,,,,,,,,,,,,,js,1X,,,,,,,,,,,,,,,1,,NA,NA,F,19
SV1,ESI22,papier,,,,,,1,non,osp,non,non,,,,,,,,,,,,,,,1,,NA,NA,NR,NR,NR,NR,NR,NR,NR,NR,NR,NR,NR,NR,NR,NR,NR,NR,NR,NR,F,20
SV1,ESI23,papier,1,1,,,,,non,osp,non,non,,,,,,,,,,,,,reg-heure,,,,js,js,,,,,,,,,,,,,,,1,,NA,NA,F,20
SV1,ESI24,ordi,1,,,,,,non,osp,non,ot,,,,,1,,,,,,,,reg-heure,,,,sv,sv,,,,,,,,,,,,,notercours,,,,tt,js,F,20
SV1,ESI25,papier,1,,,,,,osp,non,non,non,,,,,,,,,,,,,reg-heure,,,,js,qqf,,,,,,,,,,,,,,,1,,NA,NA,F,21
SV1,ESI26,papier,,,,,,1,non,ot,non,non,,,,1,1,,,,,,,,fl√¢ner,,,,js,sv,,,,1,,,1,,,,,,,,,,js,sv,F,19
SV1,ESI27,papier,1,,,,,,non,ot,non,non,,,,1,1,,,1,,1,,1,,,,,js,sv,,,,,,,,,,,,,,,1,,NA,NA,F,20
SV1,ESI28,ordi,1,,,,,,non,ot,non,ot,,,,1,,,,,,,,,,,,,js,qqf,,,,,,,,,,,1,,,,,,js,js,F,19
SV1,ESI29,papier,1,,,,,,non,ot,non,non,,,,1,,,,,,1,,,,,,,js,qqf,,,,,,,,,,,,,,,1,,NA,NA,F,19
SV1,ESI30,papier,1,,,,,,osp,non,non,non,,,,1,,,,,,1,,1,,,,,js,js,,,,,,,,,,,,,,,,1,js,js,F,19
SV1,ESI31,papier,1,,,,,,non,non,non,non,,,,,,,,,,,,,,,1,,NA,NA,,,,,,,,,,,,,,,1,,NA,NA,F,40
SV1,ESI32,papier,,,,,,1,NR,ot,NR,NR,,,,,,,,,,,,,,1,,,js,js,,,,,,,,,,,,,,,1,,NA,NA,F,20
SV1,ESI33,papier,,1,,,,,non,osp,non,non,,,,1,1,,,,,,,1,,,,,qqf,qqf,,,,,,,,,,,,,,,1,,NA,NA,F,23
SV1,ESI34,papier,1,1,,,,,ot,ot,non,non,,,,1,1,,,,,1,1,1,,,,,qqf,qqf,,,,,,,1,,1,,,,,,,,js,js,F,27
SV1,ESI35,pas,,,,,,1,ot,non,non,non,,,,1,1,,1,,,1,,1,,,,,js,tt,,,,,,,,,,,,,,,1,,NA,NA,F,21
SV1,ESI36,X,1,,,,,,non,ot,non,ot,,1,,1,1,,,,1,1,1,1,,,,,qqf,sv,,,,,,,,,,1,1,,,,,,js,1X,F,19
SV1,ESI37,papier,1,,,,,,NR,osp,NR,NR,,,,1,,,,,,1,,,,,,,js,sv,,,,,,,,,,,,,,,1,,NA,NA,H,22
SV1,ESI38,ordi,,,,,,1,non,osp,non,ot,,,,,,,,,,,,,,1,,,js,1X,,,1,1,,,,,,,1,,,,,,tt,qqf,F,20
SV1,ESI39,papier,1,,,,,,ot,ot,NR,NR,,,,1,,,1,1,1,,,1,,,,,js,sv,,,,,,,,,,,,,,,1,,NA,NA,F,20
SV1,ESI40,papier,,,,,,1,non,non,non,non,,,,,,,,,,,,,,1,1,,NA,NA,,,,,,,,,,,,,,,1,,NA,NA,F,26
SV1,ESI41,papier,,,,,,1,NR,ot,NR,osp,1,,,,,,,,,,,,,,,,1X,js,,,,,,,,,,,,,,1,,,NR,NR,NR,29
SV1,ESI42,papier,,,,,,1,non,ot,non,non,,1,,1,,,,,,,,,,,,,qqf,qqf,,,,,,,,,,,,,,,1,,NA,NA,F,18
SV1,ESI43,ordi,1,,,,,,non,ot,non,ot,,,,1,1,,,1,,,,,,,,,js,sv,,,1,,,,,,,,,,,,,,js,qqf,F,19
SV1,ESI44,papier,1,,,,,,NR,ot,NR,ot,,,,,,,,,,,,,,,,1,nvp,nvp,,,,,,,,,,,,,,,,1,nvp,nvp,H,x
SV1,ESI45,papier,1,,,,1,,non,ot,non,non,,,,1,1,,,,,,,,,,,,qqf,qqf,,,,,,,,,,,,,,,1,,NA,NA,H,28
SV1,ESI46,papier,,,,,,1,NR,ot,NR,NR,,,,1,,,,,,1,,1,,,,,js,sv,,,,,,,,,,,,,,,1,,NA,NA,F,21
SV1,ESI47,papier,1,,,1,,,osp,non,non,non,,,,,,,,,,,,,,1,,,js,js,,,,,,,,,,,,,,,1,,NA,NA,F,28
SV1,ESI48,papier,1,1,,,,,osp,NR,NR,NR,1,,,,,,,,,,,,,,,,1X,js,,,,,,,,,,,,,,,1,,NA,NA,F,38
SV1,ESI49,papier,1,,,,,,NR,NR,NR,NR,,,,,,,,,,,,,,1,,,NR,js,,,,,,,,,,,,,,,1,,NA,NA,F,40
SV1,ESI50,papier,1,,,,,,non,NR,ot,non,,,,,,,,,,,,,,1,,,js,js,,,,1,,,,,,,,,,,,,qqf,qqf,H,31
SV1,ESI51,papier,1,,,,,,non,non,non,non,,,,,,,,,,,,,,1,1,,NA,NA,,,,,,,,,,,,,,,1,,NA,NA,F,47
SV1,ESI52,papier,,,,,,1,non,ot,non,non,,1,,1,,,,,,,,,,,,,js,sv,,,,,,,,,,,,,,,1,,NA,NA,F,20
SV1,ESI53,papier,,,,,,1,NR,ot,NR,NR,1,1,,1,,,,,,,,,,,,,js,sv,,,,,,,,,,,,,,,1,,NA,NA,H,21
SV1,ESI54,papier,1,,,,,,NR,osp,NR,NR,,,,,,,,,,,,,consSMS,,,,js,1X,,,,,,,,,,,,,,,1,,NA,NA,H,23
SV1,ESI55,papier,,,,,1,,non,osp,non,non,,,,,,,,,,,,,,1,,,js,js,,,,,,,,,,,,,,,1,,NA,NA,H,44
SV1,ESI56,papier,1,,,,,,non,ot,non,non,,,,1,,,,1,,1,,,,,,,js,sv,,,,,,,,,,,,,,,1,,NA,NA,F,19
SV1,ESI57,papier,1,,,,,,non,ot,non,non,,,,1,1,,,1,,1,,1,,,,,js,sv,,,,,,,,,,,,,,,1,,NA,NA,F,20
SV1,ESI58,papier,1,,,,,,NR,ot,NR,NR,,,,1,1,,,,,,,,,,,,qqf,qqf,,,,,,,,,,,,,,,,1,NR,NR,F,26